name,length,height,width,status,production,downtime,inspectionsamountperyear,lastinspectiondate,nextinspectiondate,defectrate
Line 1,50.7,4.6,11.9,работает,1005,5,4,2022-09-19,2023-09-19,6
Line 2,46.3,5.3,11.1,работает,990,11,4,2022-08-22,2023-08-22,4
Line 3,59.9,4.6,10.3,работает,1144,18,4,2024-01-07,2025-01-06,4
Line 4,53.2,5.9,12.0,работает,952,20,4,2024-03-02,2025-03-02,6
Line 5,48.6,4.9,10.7,работает,883,7,4,2023-07-20,2024-07-19,5
Line 6,47.2,4.8,10.2,работает,935,19,4,2023-11-07,2024-11-06,5
Line 7,55.6,5.5,10.6,работает,1199,13,4,2024-03-09,2025-03-09,5
Line 8,56.8,5.8,11.8,работает,1339,6,4,2024-03-01,2025-03-01,7
Line 9,45.0,5.1,9.7,работает,1143,16,4,2024-06-09,2025-06-09,3
Line 10,54.1,4.7,11.6,работает,1008,12,4,2023-10-26,2024-10-25,5
Line 11,45.9,4.6,9.8,работает,1218,9,4,2023-03-23,2024-03-22,6
Line 12,45.9,4.6,11.9,работает,869,17,4,2024-05-24,2025-05-24,6
Line 13,49.0,5.8,10.7,работает,860,19,4,2023-01-14,2024-01-14,5
Line 14,46.4,4.9,11.1,работает,1054,10,4,2023-08-28,2024-08-27,4
Line 15,52.6,5.2,9.8,работает,849,9,4,2023-07-29,2024-07-28,4
Line 16,59.1,5.3,10.8,работает,1175,6,4,2024-07-11,2025-07-11,5
Line 17,57.1,5.9,11.6,работает,964,19,4,2022-11-27,2023-11-27,5
Line 18,55.4,5.5,9.5,работает,1291,10,4,2023-10-28,2024-10-27,4
Line 19,45.8,4.7,10.7,работает,1245,8,4,2023-02-21,2024-02-21,3
Line 20,57.5,5.8,11.2,работает,810,8,4,2022-09-23,2023-09-23,3
Line 21,51.1,6.0,10.5,работает,963,16,4,2024-02-10,2025-02-09,6
Line 22,51.8,5.8,10.8,работает,1231,6,4,2023-12-26,2024-12-25,4
Line 23,59.0,5.0,11.8,работает,870,12,4,2022-11-24,2023-11-24,7
Line 24,57.0,4.9,10.0,работает,825,9,4,2023-09-09,2024-09-08,5
Line 25,53.1,5.5,11.0,работает,1025,6,4,2024-02-21,2025-02-20,3
Line 26,50.3,4.6,11.7,работает,1025,16,4,2023-11-14,2024-11-13,4
Line 27,60.0,5.0,11.9,работает,1184,12,4,2024-01-04,2025-01-03,7
Line 28,50.8,5.7,11.7,работает,857,6,4,2023-08-25,2024-08-24,6
Line 29,52.6,4.7,10.4,работает,852,17,4,2022-08-25,2023-08-25,5
Line 30,47.7,5.6,10.1,работает,1060,15,4,2024-03-14,2025-03-14,6
Line 31,59.4,5.7,10.3,работает,1293,5,4,2023-07-07,2024-07-06,7
Line 32,49.2,5.2,10.1,работает,832,9,4,2023-05-06,2024-05-05,4
Line 33,51.6,4.6,11.2,работает,1144,10,4,2023-07-28,2024-07-27,4
Line 34,55.1,5.4,11.6,работает,1194,14,4,2022-11-10,2023-11-10,5
Line 35,48.1,5.8,9.9,работает,831,9,4,2024-05-21,2025-05-21,4
Line 36,51.2,5.7,10.4,работает,1182,6,4,2023-05-29,2024-05-28,4
Line 37,49.4,4.5,10.7,работает,910,5,4,2023-08-23,2024-08-22,3
Line 38,53.1,5.7,11.2,работает,1152,19,4,2024-04-21,2025-04-21,5
Line 39,53.5,4.8,12.0,работает,1024,20,4,2023-08-13,2024-08-12,7
Line 40,55.1,5.9,10.6,работает,1066,20,4,2024-05-06,2025-05-06,3
Line 41,46.6,5.4,11.3,работает,1027,12,4,2024-02-12,2025-02-11,4
Line 42,48.4,5.1,11.0,работает,1179,17,4,2022-10-31,2023-10-31,6
Line 43,55.3,4.5,10.3,работает,885,8,4,2023-12-03,2024-12-02,7
Line 44,58.6,4.6,11.8,работает,1346,11,4,2024-03-09,2025-03-09,4
Line 45,52.2,5.8,10.4,работает,1277,5,4,2022-08-09,2023-08-09,3
Line 46,59.4,4.7,10.8,работает,1237,14,4,2023-10-07,2024-10-06,7
Line 47,50.0,5.8,10.9,работает,1007,6,4,2022-10-29,2023-10-29,6
Line 48,56.6,5.3,9.6,работает,1314,9,4,2023-06-22,2024-06-21,6
Line 49,54.8,5.6,9.9,работает,983,13,4,2023-10-12,2024-10-11,5
Line 50,48.6,6.0,11.5,работает,828,15,4,2023-04-29,2024-04-28,4
Line 51,57.9,5.0,11.4,работает,1304,17,4,2024-04-12,2025-04-12,6
Line 52,55.2,6.0,11.3,работает,1055,12,4,2022-11-26,2023-11-26,4
Line 53,47.6,5.7,10.6,работает,1315,10,4,2022-09-27,2023-09-27,5
Line 54,47.8,4.5,11.9,работает,1350,18,4,2022-10-19,2023-10-19,7
Line 55,53.3,4.5,11.7,работает,1128,11,4,2022-12-05,2023-12-05,7
Line 56,53.4,4.9,9.6,работает,1062,13,4,2023-06-25,2024-06-24,7
Line 57,52.9,5.4,11.2,работает,844,14,4,2023-08-29,2024-08-28,5
Line 58,47.8,5.9,12.0,работает,966,7,4,2023-09-05,2024-09-04,6
Line 59,52.6,5.7,10.2,работает,881,6,4,2023-11-01,2024-10-31,6
Line 60,57.9,5.3,9.5,работает,1162,19,4,2024-06-15,2025-06-15,6
Line 61,47.0,5.3,11.7,работает,1071,17,4,2023-06-29,2024-06-28,3
Line 62,45.5,5.7,11.0,работает,1071,15,4,2024-07-03,2025-07-03,3
Line 63,48.9,5.1,9.7,работает,1240,19,4,2024-02-24,2025-02-23,5
Line 64,51.6,5.8,9.9,работает,1055,9,4,2023-09-10,2024-09-09,6
Line 65,55.5,5.2,10.0,работает,813,11,4,2023-11-23,2024-11-22,4
Line 66,53.9,5.1,9.5,работает,931,19,4,2024-04-04,2025-04-04,6
Line 67,53.2,5.7,11.3,работает,1237,19,4,2023-08-28,2024-08-27,3
Line 68,58.9,5.9,9.6,работает,802,7,4,2023-10-16,2024-10-15,4
Line 69,46.7,5.1,11.1,работает,1328,9,4,2024-05-10,2025-05-10,7
Line 70,58.8,5.6,10.1,работает,853,15,4,2023-05-24,2024-05-23,6
Line 71,54.0,4.6,11.0,работает,988,13,4,2022-08-16,2023-08-16,3
Line 72,46.0,5.9,11.2,работает,1150,19,4,2023-09-28,2024-09-27,5
Line 73,45.8,5.0,11.2,работает,977,15,4,2022-09-29,2023-09-29,7
Line 74,55.4,4.5,10.8,работает,922,5,4,2023-01-07,2024-01-07,3
Line 75,59.8,4.7,9.6,работает,1061,12,4,2022-08-08,2023-08-08,3
Line 76,55.1,4.8,11.6,работает,1262,15,4,2023-06-17,2024-06-16,6
Line 77,49.8,4.8,10.0,работает,1141,16,4,2024-06-07,2025-06-07,6
Line 78,54.5,5.9,10.8,работает,1334,7,4,2023-08-08,2024-08-07,6
Line 79,56.5,4.9,11.3,работает,1291,11,4,2024-01-10,2025-01-09,6
Line 80,48.7,5.4,9.8,работает,809,14,4,2024-02-06,2025-02-05,5
Line 81,54.1,4.7,10.9,работает,1089,14,4,2023-04-11,2024-04-10,7
Line 82,55.1,4.7,11.1,работает,1253,10,4,2024-05-07,2025-05-07,3
Line 83,59.7,5.7,9.8,работает,1167,10,4,2023-12-05,2024-12-04,7
Line 84,55.0,5.5,11.4,работает,1006,13,4,2023-09-18,2024-09-17,3
Line 85,57.0,4.9,9.5,работает,1181,9,4,2023-05-29,2024-05-28,5
Line 86,48.9,5.7,11.8,работает,1054,13,4,2024-04-30,2025-04-30,5
Line 87,45.7,5.3,10.5,работает,882,16,4,2022-12-23,2023-12-23,6
Line 88,56.4,4.9,10.3,работает,838,11,4,2022-10-24,2023-10-24,3
Line 89,59.8,4.8,11.1,работает,889,9,4,2024-05-24,2025-05-24,5
Line 90,55.1,5.9,11.7,работает,841,10,4,2023-08-21,2024-08-20,5
Line 91,57.5,5.6,11.6,работает,1064,16,4,2023-10-18,2024-10-17,6
Line 92,45.3,5.6,11.7,работает,1288,14,4,2022-11-09,2023-11-09,3
Line 93,48.7,5.8,11.2,работает,1305,17,4,2022-10-05,2023-10-05,7
Line 94,48.6,5.3,10.9,работает,1102,5,4,2022-11-23,2023-11-23,3
Line 95,54.7,5.5,10.7,работает,861,8,4,2023-02-21,2024-02-21,6
Line 96,53.8,4.6,11.4,работает,1309,16,4,2023-03-13,2024-03-12,6
Line 97,52.4,5.2,11.6,работает,1190,5,4,2024-03-16,2025-03-16,3
Line 98,58.4,5.5,11.2,работает,1069,13,4,2023-05-08,2024-05-07,3
Line 99,47.3,5.8,10.6,работает,1002,16,4,2023-11-09,2024-11-08,6
Line 100,54.2,5.6,10.9,работает,845,12,4,2024-02-02,2025-02-01,4
Line 101,52.4,5.7,11.2,работает,881,19,4,2022-08-14,2023-08-14,5
Line 102,49.4,4.9,10.8,работает,1290,8,4,2024-05-23,2025-05-23,7
Line 103,59.5,5.8,11.3,работает,819,13,4,2024-08-04,2025-08-04,6
Line 104,47.3,4.6,11.2,работает,1318,9,4,2022-08-30,2023-08-30,5
Line 105,55.8,5.1,11.4,работает,1170,14,4,2024-04-19,2025-04-19,6
Line 106,53.9,4.8,10.9,работает,991,8,4,2024-07-26,2025-07-26,3
Line 107,55.4,5.0,9.9,работает,1309,17,4,2024-07-10,2025-07-10,4
Line 108,49.9,5.3,10.6,работает,1046,5,4,2023-12-11,2024-12-10,7
Line 109,56.6,5.2,11.6,работает,1194,20,4,2022-10-01,2023-10-01,6
Line 110,58.9,4.7,10.0,работает,1205,16,4,2023-12-29,2024-12-28,7
Line 111,51.1,5.8,9.8,работает,1161,12,4,2022-09-30,2023-09-30,6
Line 112,58.7,5.4,9.6,работает,1318,17,4,2024-03-08,2025-03-08,7
Line 113,54.1,5.8,10.8,работает,1194,10,4,2022-09-13,2023-09-13,5
Line 114,56.4,5.1,10.9,работает,1153,6,4,2023-04-19,2024-04-18,3
Line 115,50.6,4.9,10.4,работает,972,17,4,2022-12-02,2023-12-02,5
Line 116,48.0,5.7,10.8,работает,1039,15,4,2022-12-17,2023-12-17,3
Line 117,54.1,5.9,10.8,работает,1007,9,4,2022-08-31,2023-08-31,3
Line 118,58.8,5.2,10.0,работает,1133,12,4,2023-01-31,2024-01-31,6
Line 119,52.2,4.6,10.6,работает,1270,11,4,2024-08-03,2025-08-03,4
Line 120,47.5,5.1,11.3,работает,1187,9,4,2024-04-28,2025-04-28,6
Line 121,53.7,5.7,10.8,работает,1254,5,4,2024-02-10,2025-02-09,5
Line 122,51.1,4.5,11.3,работает,906,18,4,2024-01-20,2025-01-19,6
Line 123,46.6,5.4,11.8,работает,1048,7,4,2023-12-16,2024-12-15,4
Line 124,45.9,5.1,11.5,работает,804,8,4,2023-05-27,2024-05-26,7
Line 125,51.2,5.0,9.5,работает,1163,7,4,2023-12-02,2024-12-01,5
Line 126,47.4,5.4,10.0,работает,927,6,4,2024-07-20,2025-07-20,5
Line 127,47.2,5.0,11.9,работает,1218,17,4,2023-01-30,2024-01-30,6
Line 128,53.6,5.9,9.8,работает,1271,19,4,2024-07-13,2025-07-13,7
Line 129,51.6,4.8,9.8,работает,835,18,4,2023-11-09,2024-11-08,5
Line 130,45.3,5.8,11.0,работает,830,14,4,2024-04-03,2025-04-03,3
Line 131,51.0,5.7,11.6,работает,1120,17,4,2023-08-07,2024-08-06,7
Line 132,52.0,5.9,11.0,работает,1276,15,4,2022-12-20,2023-12-20,6
Line 133,57.5,4.9,10.2,работает,1151,13,4,2024-07-05,2025-07-05,7
Line 134,46.1,5.7,11.5,работает,1131,20,4,2024-05-12,2025-05-12,5
Line 135,50.2,4.9,11.3,работает,874,15,4,2023-10-01,2024-09-30,6
Line 136,54.0,5.1,12.0,работает,894,8,4,2024-01-11,2025-01-10,6
Line 137,46.0,5.9,11.7,работает,1162,15,4,2022-08-08,2023-08-08,3
Line 138,55.9,5.4,10.7,работает,1254,11,4,2023-05-24,2024-05-23,6
Line 139,58.3,5.1,11.1,работает,917,8,4,2024-01-23,2025-01-22,7
Line 140,45.2,4.6,10.0,работает,1073,15,4,2023-03-07,2024-03-06,6
Line 141,45.4,5.1,9.7,работает,984,15,4,2022-08-22,2023-08-22,4
Line 142,51.8,5.1,9.7,работает,1292,8,4,2022-10-29,2023-10-29,6
Line 143,46.1,5.9,10.8,работает,1132,8,4,2022-11-25,2023-11-25,4
Line 144,52.0,5.8,9.6,работает,814,20,4,2024-05-09,2025-05-09,7
Line 145,56.2,5.9,11.7,работает,1223,17,4,2024-06-11,2025-06-11,3
Line 146,47.1,5.0,10.9,работает,1066,5,4,2022-12-07,2023-12-07,5
Line 147,57.1,5.1,10.8,работает,1302,7,4,2022-08-28,2023-08-28,5
Line 148,55.2,5.8,10.6,работает,1200,7,4,2023-03-02,2024-03-01,6
Line 149,59.7,5.3,12.0,работает,1113,5,4,2023-11-26,2024-11-25,6
Line 150,45.7,5.0,9.9,работает,1166,9,4,2022-10-04,2023-10-04,5
Line 151,47.4,5.1,10.2,работает,848,18,4,2023-01-08,2024-01-08,4
Line 152,53.1,4.6,10.4,работает,964,13,4,2023-10-05,2024-10-04,7
Line 153,58.1,4.9,11.8,работает,1108,14,4,2023-02-18,2024-02-18,7
Line 154,54.7,5.6,10.6,работает,1175,5,4,2023-08-21,2024-08-20,7
Line 155,53.0,4.8,10.1,работает,1151,18,4,2023-05-01,2024-04-30,6
Line 156,60.0,5.5,11.8,работает,1329,17,4,2023-03-14,2024-03-13,5
Line 157,56.2,5.2,11.4,работает,1296,20,4,2024-06-09,2025-06-09,6
Line 158,48.3,5.8,10.6,работает,1086,8,4,2023-04-25,2024-04-24,5
Line 159,52.4,5.9,11.1,работает,1294,14,4,2024-03-29,2025-03-29,4
Line 160,54.6,5.6,10.9,работает,1134,20,4,2023-05-06,2024-05-05,7
Line 161,55.6,4.9,10.4,работает,833,5,4,2023-02-04,2024-02-04,7
Line 162,53.5,4.9,12.0,работает,1270,8,4,2024-03-06,2025-03-06,7
Line 163,57.5,4.6,10.6,работает,1091,19,4,2023-10-20,2024-10-19,3
Line 164,48.1,4.8,10.3,работает,1136,13,4,2023-06-19,2024-06-18,5
Line 165,58.3,4.9,9.9,работает,1018,20,4,2022-10-28,2023-10-28,5
Line 166,53.4,5.4,11.0,работает,970,7,4,2023-02-17,2024-02-17,7
Line 167,53.1,5.0,10.7,работает,942,7,4,2024-01-25,2025-01-24,5
Line 168,45.2,4.8,11.0,работает,995,18,4,2023-06-03,2024-06-02,5
Line 169,51.3,5.8,10.7,работает,898,16,4,2023-04-28,2024-04-27,6
Line 170,57.6,4.7,10.1,работает,946,5,4,2022-11-15,2023-11-15,6
Line 171,52.3,5.6,11.2,работает,975,6,4,2024-03-24,2025-03-24,4
Line 172,46.2,4.5,10.7,работает,1108,5,4,2024-05-04,2025-05-04,7
Line 173,53.6,4.9,11.1,работает,800,12,4,2022-08-18,2023-08-18,4
Line 174,50.0,5.3,11.1,работает,1289,10,4,2023-07-25,2024-07-24,4
Line 175,56.0,5.1,10.8,работает,1136,11,4,2024-02-04,2025-02-03,4
Line 176,54.7,5.7,11.8,работает,970,5,4,2023-01-02,2024-01-02,7
Line 177,57.0,5.7,10.3,работает,1022,11,4,2023-05-22,2024-05-21,7
Line 178,53.6,4.6,9.7,работает,1272,15,4,2023-09-13,2024-09-12,7
Line 179,54.5,4.8,10.2,работает,1004,6,4,2023-11-27,2024-11-26,5
Line 180,55.3,5.8,10.1,работает,1251,15,4,2023-08-14,2024-08-13,3
Line 181,56.0,4.5,11.5,работает,949,14,4,2023-02-10,2024-02-10,3
Line 182,48.9,4.8,10.1,работает,1326,16,4,2023-04-11,2024-04-10,6
Line 183,52.1,5.5,10.4,работает,837,14,4,2023-01-16,2024-01-16,7
Line 184,45.4,5.7,11.3,работает,1030,5,4,2022-10-29,2023-10-29,7
Line 185,47.4,4.9,11.1,работает,816,6,4,2024-06-14,2025-06-14,6
Line 186,48.9,4.5,11.8,работает,1153,8,4,2024-03-06,2025-03-06,3
Line 187,57.6,5.2,11.9,работает,848,5,4,2022-12-31,2023-12-31,7
Line 188,53.1,5.3,10.7,работает,1102,16,4,2024-03-04,2025-03-04,7
Line 189,45.8,5.6,10.3,работает,1300,15,4,2024-08-04,2025-08-04,6
Line 190,52.5,4.7,10.7,работает,821,7,4,2023-06-14,2024-06-13,3
Line 191,46.6,5.2,10.8,работает,882,18,4,2024-01-02,2025-01-01,5
Line 192,50.0,5.1,10.2,работает,1125,8,4,2022-08-30,2023-08-30,7
Line 193,58.1,4.8,11.0,работает,1129,12,4,2024-04-22,2025-04-22,3
Line 194,46.0,5.6,11.6,работает,1042,20,4,2023-08-24,2024-08-23,3
Line 195,53.6,5.0,9.9,работает,985,17,4,2023-02-26,2024-02-26,3
Line 196,52.9,4.6,11.3,работает,1296,20,4,2022-10-05,2023-10-05,4
Line 197,46.7,5.1,10.0,работает,1197,9,4,2023-03-17,2024-03-16,5
Line 198,51.5,6.0,10.7,работает,833,6,4,2024-05-18,2025-05-18,7
Line 199,51.5,5.3,9.6,работает,1337,20,4,2022-08-30,2023-08-30,3
Line 200,55.2,5.2,11.6,работает,997,20,4,2023-12-27,2024-12-26,3
Line 201,45.7,4.8,9.6,работает,1177,18,4,2022-09-03,2023-09-03,5
Line 202,48.7,5.4,10.6,работает,921,8,4,2023-03-05,2024-03-04,3
Line 203,49.4,5.9,11.6,работает,1141,13,4,2024-06-10,2025-06-10,4
Line 204,58.5,5.8,9.9,работает,1120,9,4,2024-04-20,2025-04-20,7
Line 205,47.9,4.6,10.0,работает,1157,9,4,2023-01-09,2024-01-09,5
Line 206,47.4,4.7,11.6,работает,1013,13,4,2023-01-27,2024-01-27,7
Line 207,52.1,5.9,11.8,работает,1145,19,4,2023-12-11,2024-12-10,3
Line 208,52.6,4.8,9.6,работает,1089,11,4,2024-02-01,2025-01-31,4
Line 209,53.2,4.7,11.0,работает,989,15,4,2024-04-27,2025-04-27,4
Line 210,55.5,5.3,9.8,работает,1040,11,4,2022-09-01,2023-09-01,3
Line 211,54.5,5.5,10.8,работает,1177,8,4,2024-01-31,2025-01-30,5
Line 212,51.5,5.3,10.9,работает,1008,20,4,2024-04-10,2025-04-10,7
Line 213,54.4,5.4,11.3,работает,1289,16,4,2024-06-10,2025-06-10,7
Line 214,50.1,5.3,10.5,работает,1113,13,4,2022-10-07,2023-10-07,5
Line 215,50.1,4.8,10.3,работает,889,9,4,2024-06-10,2025-06-10,5
Line 216,57.2,4.7,11.5,работает,905,12,4,2024-04-30,2025-04-30,4
Line 217,56.4,4.9,11.3,работает,1004,13,4,2023-02-21,2024-02-21,4
Line 218,45.4,5.8,11.7,работает,1265,16,4,2023-04-02,2024-04-01,3
Line 219,52.3,4.6,10.8,работает,855,6,4,2023-08-11,2024-08-10,4
Line 220,55.9,5.8,10.7,работает,966,8,4,2023-09-08,2024-09-07,7
Line 221,56.7,4.6,10.4,работает,976,12,4,2023-08-23,2024-08-22,6
Line 222,59.6,4.6,11.2,работает,1129,12,4,2024-06-13,2025-06-13,3
Line 223,51.1,5.4,11.3,работает,1312,18,4,2022-12-13,2023-12-13,6
Line 224,54.6,5.7,10.5,работает,873,17,4,2023-02-16,2024-02-16,4
Line 225,49.2,5.9,11.2,работает,923,19,4,2023-05-21,2024-05-20,6
Line 226,46.3,5.3,10.1,работает,931,13,4,2023-07-01,2024-06-30,5
Line 227,52.0,4.8,11.3,работает,1316,14,4,2023-07-08,2024-07-07,7
Line 228,48.5,6.0,11.2,работает,1244,17,4,2023-10-19,2024-10-18,4
Line 229,53.8,4.6,10.0,работает,1215,16,4,2024-03-12,2025-03-12,5
Line 230,54.2,4.5,9.8,работает,1319,18,4,2023-01-25,2024-01-25,3
Line 231,54.1,4.5,9.8,работает,1261,5,4,2023-06-18,2024-06-17,5
Line 232,46.2,5.9,9.6,работает,1243,10,4,2024-06-15,2025-06-15,7
Line 233,50.1,5.0,10.4,работает,1256,8,4,2022-10-28,2023-10-28,5
Line 234,55.4,4.7,9.8,работает,874,18,4,2022-09-03,2023-09-03,4
Line 235,52.4,5.7,9.8,работает,997,18,4,2024-03-18,2025-03-18,6
Line 236,50.2,5.2,9.7,работает,1106,16,4,2024-04-04,2025-04-04,3
Line 237,49.3,5.7,11.4,работает,1268,13,4,2022-08-20,2023-08-20,5
Line 238,55.7,5.3,10.1,работает,824,13,4,2022-12-22,2023-12-22,3
Line 239,45.7,4.6,11.4,работает,887,17,4,2024-01-22,2025-01-21,3
Line 240,46.5,5.0,10.9,работает,890,10,4,2022-11-09,2023-11-09,4
Line 241,49.0,5.6,10.9,работает,1128,15,4,2023-03-26,2024-03-25,7
Line 242,56.2,4.9,10.0,работает,1071,20,4,2024-02-12,2025-02-11,4
Line 243,56.0,5.3,12.0,работает,1294,16,4,2023-06-20,2024-06-19,5
Line 244,54.4,4.9,10.9,работает,1319,5,4,2022-08-31,2023-08-31,5
Line 245,51.7,5.6,10.0,работает,1341,16,4,2024-02-02,2025-02-01,4
Line 246,59.3,5.7,10.9,работает,1115,5,4,2024-04-25,2025-04-25,6
Line 247,47.4,5.3,11.5,работает,1224,9,4,2023-05-09,2024-05-08,6
Line 248,55.9,4.5,10.4,работает,1091,17,4,2024-01-27,2025-01-26,7
Line 249,49.7,5.8,10.0,работает,1001,18,4,2023-04-24,2024-04-23,4
Line 250,50.2,5.0,9.9,работает,1023,12,4,2023-06-15,2024-06-14,3
Line 251,53.4,5.4,11.9,работает,1018,8,4,2023-04-27,2024-04-26,5
Line 252,47.1,4.5,10.1,работает,1279,17,4,2023-09-14,2024-09-13,5
Line 253,54.6,4.8,11.7,работает,951,5,4,2023-09-02,2024-09-01,5
Line 254,52.6,4.6,10.1,работает,972,18,4,2022-12-30,2023-12-30,6
Line 255,55.8,5.5,10.3,работает,872,17,4,2023-03-04,2024-03-03,6
Line 256,52.3,4.6,10.0,работает,1300,11,4,2023-07-20,2024-07-19,5
Line 257,57.1,5.1,10.8,работает,802,5,4,2023-04-15,2024-04-14,5
Line 258,51.5,5.6,11.8,работает,1131,6,4,2023-03-07,2024-03-06,7
Line 259,51.7,5.3,10.2,работает,1257,7,4,2023-08-13,2024-08-12,6
Line 260,59.5,6.0,9.5,работает,872,7,4,2022-12-24,2023-12-24,3
Line 261,49.6,5.3,11.2,работает,1228,20,4,2024-05-27,2025-05-27,6
Line 262,55.0,4.8,11.3,работает,1093,13,4,2023-04-17,2024-04-16,7
Line 263,47.7,4.9,9.8,работает,1011,17,4,2023-06-06,2024-06-05,3
Line 264,46.8,5.6,9.8,работает,978,15,4,2023-02-07,2024-02-07,6
Line 265,47.6,5.0,9.6,работает,859,5,4,2023-10-30,2024-10-29,4
Line 266,53.0,4.6,10.5,работает,811,20,4,2023-05-14,2024-05-13,4
Line 267,47.3,5.3,10.2,работает,1316,10,4,2023-08-07,2024-08-06,3
Line 268,51.5,4.5,10.4,работает,1158,16,4,2023-05-25,2024-05-24,3
Line 269,58.7,4.9,9.7,работает,1217,16,4,2023-01-29,2024-01-29,5
Line 270,57.6,5.8,10.9,работает,1089,11,4,2022-09-25,2023-09-25,3
Line 271,46.7,5.9,11.9,работает,1059,11,4,2022-12-24,2023-12-24,4
Line 272,59.0,5.1,11.0,работает,1195,7,4,2024-07-24,2025-07-24,6
Line 273,56.3,4.7,10.3,работает,1103,16,4,2024-07-27,2025-07-27,3
Line 274,58.9,4.7,11.3,работает,1043,11,4,2024-08-03,2025-08-03,3
Line 275,46.5,5.3,9.5,работает,931,18,4,2023-07-10,2024-07-09,6
Line 276,46.5,5.9,10.6,работает,1157,20,4,2023-02-12,2024-02-12,4
Line 277,59.8,5.8,12.0,работает,873,10,4,2024-06-17,2025-06-17,7
Line 278,59.7,4.9,10.6,работает,844,13,4,2023-12-16,2024-12-15,5
Line 279,56.8,4.8,11.8,работает,989,19,4,2024-06-10,2025-06-10,5
Line 280,55.3,5.9,10.6,работает,1294,14,4,2024-06-11,2025-06-11,6
Line 281,57.1,4.6,11.8,работает,1314,20,4,2023-12-22,2024-12-21,3
Line 282,54.6,5.6,11.1,работает,808,10,4,2022-08-19,2023-08-19,4
Line 283,59.4,5.1,10.1,работает,1320,11,4,2024-01-08,2025-01-07,7
Line 284,51.1,4.5,10.4,работает,952,6,4,2024-04-08,2025-04-08,6
Line 285,52.4,5.3,11.8,работает,1140,9,4,2024-03-31,2025-03-31,6
Line 286,58.2,4.8,10.1,работает,1247,14,4,2023-07-23,2024-07-22,3
Line 287,46.3,6.0,11.5,работает,999,8,4,2023-11-16,2024-11-15,6
Line 288,55.6,5.9,11.5,работает,883,18,4,2022-10-07,2023-10-07,3
Line 289,58.9,5.3,11.9,работает,1172,8,4,2022-11-09,2023-11-09,6
Line 290,46.9,5.5,11.2,работает,1270,17,4,2023-10-19,2024-10-18,5
Line 291,55.3,4.8,11.3,работает,1023,20,4,2023-01-03,2024-01-03,5
Line 292,50.1,5.3,10.0,работает,1287,19,4,2023-10-20,2024-10-19,5
Line 293,55.6,4.5,9.6,работает,950,12,4,2024-02-05,2025-02-04,7
Line 294,58.4,5.3,9.9,работает,1054,13,4,2023-05-21,2024-05-20,6
Line 295,50.4,5.8,10.6,работает,1314,15,4,2022-09-24,2023-09-24,3
Line 296,48.8,5.3,10.9,работает,943,13,4,2023-12-18,2024-12-17,7
Line 297,57.7,5.9,10.9,работает,1333,12,4,2024-03-03,2025-03-03,3
Line 298,54.2,5.0,11.5,работает,860,16,4,2023-06-21,2024-06-20,3
Line 299,52.3,5.7,11.9,работает,845,19,4,2022-11-19,2023-11-19,6
Line 300,59.0,4.5,9.9,работает,1147,10,4,2024-03-15,2025-03-15,4
Line 301,54.9,5.7,11.3,работает,1094,5,4,2022-12-17,2023-12-17,7
Line 302,58.7,4.7,10.5,работает,1273,6,4,2022-09-30,2023-09-30,7
Line 303,54.9,5.8,9.9,работает,1192,20,4,2022-09-04,2023-09-04,3
Line 304,52.1,5.3,12.0,работает,1276,5,4,2023-12-09,2024-12-08,7
Line 305,57.1,5.9,10.2,работает,1000,8,4,2023-12-26,2024-12-25,6
Line 306,51.4,4.9,10.5,работает,1192,16,4,2023-03-02,2024-03-01,5
Line 307,55.4,4.7,12.0,работает,887,7,4,2024-05-26,2025-05-26,7
Line 308,53.7,4.7,10.5,работает,1270,7,4,2024-07-29,2025-07-29,6
Line 309,48.3,5.6,10.6,работает,945,12,4,2024-03-27,2025-03-27,4
Line 310,49.3,5.8,10.3,работает,1339,17,4,2023-06-19,2024-06-18,6
Line 311,49.8,5.4,10.7,работает,1140,20,4,2023-01-15,2024-01-15,4
Line 312,53.9,5.9,10.0,работает,1219,18,4,2023-03-25,2024-03-24,7
Line 313,56.1,5.7,11.5,работает,819,19,4,2024-01-05,2025-01-04,5
Line 314,60.0,5.6,9.5,работает,1220,20,4,2024-01-27,2025-01-26,3
Line 315,58.1,5.2,10.7,работает,1105,14,4,2023-09-14,2024-09-13,7
Line 316,52.0,4.9,11.5,работает,1319,8,4,2023-11-27,2024-11-26,4
Line 317,53.2,5.7,10.6,работает,1248,13,4,2023-01-15,2024-01-15,4
Line 318,51.3,5.0,10.6,работает,1213,9,4,2023-09-26,2024-09-25,4
Line 319,49.5,5.3,11.4,работает,974,8,4,2024-04-12,2025-04-12,3
Line 320,53.5,4.7,9.6,работает,948,14,4,2024-03-10,2025-03-10,7
Line 321,59.0,5.0,11.1,работает,912,5,4,2024-05-12,2025-05-12,6
Line 322,56.7,5.9,9.8,работает,851,14,4,2024-05-02,2025-05-02,5
Line 323,46.5,4.9,10.3,работает,1204,17,4,2024-06-12,2025-06-12,6
Line 324,48.9,5.5,9.6,работает,1057,19,4,2024-04-18,2025-04-18,4
Line 325,59.3,4.7,10.1,работает,1022,11,4,2022-10-04,2023-10-04,5
Line 326,54.7,4.6,11.6,работает,962,15,4,2023-03-31,2024-03-30,3
Line 327,56.4,5.4,11.3,работает,1036,7,4,2024-03-12,2025-03-12,4
Line 328,49.8,5.0,10.6,работает,1150,9,4,2023-02-11,2024-02-11,6
Line 329,47.8,5.1,10.3,работает,817,13,4,2022-09-26,2023-09-26,4
Line 330,45.1,6.0,11.3,работает,838,17,4,2024-04-06,2025-04-06,6
Line 331,50.2,5.4,10.6,работает,1169,20,4,2023-01-21,2024-01-21,5
Line 332,52.4,4.7,11.5,работает,855,14,4,2023-08-13,2024-08-12,3
Line 333,50.1,5.7,9.6,работает,882,12,4,2023-09-27,2024-09-26,6
Line 334,56.3,4.7,11.4,работает,851,19,4,2023-11-07,2024-11-06,5
Line 335,50.5,4.7,9.9,работает,1251,5,4,2022-08-29,2023-08-29,6
Line 336,45.9,5.3,10.5,работает,1212,15,4,2022-09-22,2023-09-22,6
Line 337,46.8,4.8,11.7,работает,922,13,4,2024-06-19,2025-06-19,4
Line 338,45.5,5.0,9.9,работает,959,5,4,2023-06-02,2024-06-01,6
Line 339,51.4,5.4,11.1,работает,1121,10,4,2023-10-22,2024-10-21,7
Line 340,57.1,5.3,11.5,работает,901,18,4,2023-12-02,2024-12-01,3
Line 341,56.3,4.9,11.3,работает,1053,9,4,2024-03-23,2025-03-23,5
Line 342,54.0,4.6,10.7,работает,942,13,4,2022-11-07,2023-11-07,7
Line 343,58.5,5.2,11.0,работает,1188,8,4,2022-10-31,2023-10-31,6
Line 344,55.5,5.6,10.1,работает,932,17,4,2023-05-09,2024-05-08,5
Line 345,47.3,5.9,10.5,работает,1058,5,4,2023-09-01,2024-08-31,3
Line 346,52.5,5.2,11.2,работает,871,16,4,2023-12-12,2024-12-11,7
Line 347,48.9,5.8,10.1,работает,1229,5,4,2023-05-25,2024-05-24,4
Line 348,51.6,5.3,11.8,работает,1188,19,4,2024-02-19,2025-02-18,3
Line 349,58.9,5.3,11.5,работает,1263,18,4,2023-01-07,2024-01-07,3
Line 350,51.9,5.9,10.5,работает,1064,5,4,2022-12-18,2023-12-18,5
Line 351,49.7,5.6,11.8,работает,1293,6,4,2023-05-13,2024-05-12,4
Line 352,51.2,5.8,11.7,работает,1217,19,4,2023-05-14,2024-05-13,6
Line 353,48.3,4.6,11.0,работает,1001,10,4,2024-07-27,2025-07-27,7
Line 354,48.5,4.9,11.5,работает,899,8,4,2023-02-10,2024-02-10,3
Line 355,47.0,5.8,10.9,работает,908,17,4,2023-03-19,2024-03-18,5
Line 356,50.6,5.2,9.6,работает,1030,20,4,2023-10-16,2024-10-15,6
Line 357,57.2,4.8,9.7,работает,832,10,4,2024-07-01,2025-07-01,5
Line 358,47.1,4.7,11.6,работает,810,7,4,2022-08-20,2023-08-20,5
Line 359,55.5,5.3,11.6,работает,810,15,4,2023-03-23,2024-03-22,5
Line 360,53.8,4.8,10.0,работает,1304,11,4,2022-10-20,2023-10-20,7
Line 361,46.2,4.8,11.4,работает,1020,10,4,2023-10-14,2024-10-13,3
Line 362,56.8,5.0,9.9,работает,949,6,4,2023-03-11,2024-03-10,5
Line 363,52.9,5.1,10.6,работает,934,20,4,2023-09-10,2024-09-09,4
Line 364,57.3,5.3,11.7,работает,814,18,4,2023-10-25,2024-10-24,3
Line 365,48.7,4.9,10.7,работает,840,13,4,2024-04-20,2025-04-20,6
Line 366,51.7,6.0,9.6,работает,1166,11,4,2023-05-25,2024-05-24,5
Line 367,52.6,5.7,11.9,работает,1004,17,4,2024-01-14,2025-01-13,6
Line 368,56.5,5.1,11.2,работает,991,10,4,2022-11-16,2023-11-16,6
Line 369,52.2,5.9,10.6,работает,936,13,4,2023-09-16,2024-09-15,5
Line 370,55.5,4.7,9.9,работает,1139,16,4,2024-02-08,2025-02-07,5
Line 371,47.7,6.0,10.3,работает,1138,13,4,2024-02-05,2025-02-04,5
Line 372,58.2,4.9,10.8,работает,1243,15,4,2022-10-16,2023-10-16,4
Line 373,59.3,5.3,11.7,работает,1153,20,4,2023-11-22,2024-11-21,6
Line 374,57.1,5.7,11.0,работает,815,13,4,2022-08-08,2023-08-08,3
Line 375,57.1,4.8,10.3,работает,1203,14,4,2024-03-07,2025-03-07,4
Line 376,50.6,5.2,10.4,работает,1115,17,4,2024-02-27,2025-02-26,5
Line 377,55.3,5.6,10.4,работает,1187,9,4,2023-08-15,2024-08-14,3
Line 378,45.5,5.5,11.8,работает,1081,14,4,2023-08-19,2024-08-18,6
Line 379,57.1,5.3,11.7,работает,1269,9,4,2023-03-06,2024-03-05,4
Line 380,49.7,5.4,10.5,работает,1182,19,4,2024-04-01,2025-04-01,4
Line 381,50.9,5.2,11.3,работает,1127,20,4,2022-09-28,2023-09-28,4
Line 382,57.1,5.5,10.7,работает,884,20,4,2024-07-15,2025-07-15,4
Line 383,58.9,5.6,11.0,работает,1120,11,4,2024-02-02,2025-02-01,7
Line 384,45.5,5.2,11.1,работает,1160,19,4,2023-12-15,2024-12-14,3
Line 385,52.1,5.4,11.5,работает,973,8,4,2023-02-07,2024-02-07,5
Line 386,45.1,5.5,10.3,работает,1023,8,4,2022-12-19,2023-12-19,7
Line 387,46.9,5.0,10.7,работает,923,17,4,2024-05-14,2025-05-14,3
Line 388,47.3,5.2,11.6,работает,1119,12,4,2022-10-05,2023-10-05,6
Line 389,45.7,4.8,11.8,работает,822,10,4,2022-08-20,2023-08-20,3
Line 390,46.9,5.9,11.3,работает,1180,11,4,2023-07-23,2024-07-22,4
Line 391,53.1,4.6,10.5,работает,1215,12,4,2022-08-12,2023-08-12,5
Line 392,55.3,4.6,10.2,работает,1293,14,4,2022-10-19,2023-10-19,5
Line 393,58.6,5.0,11.7,работает,977,6,4,2023-02-09,2024-02-09,5
Line 394,45.8,4.9,11.8,работает,1072,16,4,2022-12-27,2023-12-27,5
Line 395,58.1,4.5,11.9,работает,905,9,4,2023-01-27,2024-01-27,5
Line 396,55.0,4.9,10.8,работает,1313,12,4,2024-05-04,2025-05-04,7
Line 397,51.0,5.0,9.7,работает,1307,6,4,2024-01-15,2025-01-14,6
Line 398,55.4,4.9,9.7,работает,1008,6,4,2024-04-15,2025-04-15,7
Line 399,54.8,5.4,11.7,работает,832,10,4,2023-06-12,2024-06-11,6
Line 400,49.4,6.0,11.0,работает,1051,12,4,2024-04-12,2025-04-12,7
Line 401,53.3,4.5,10.2,работает,1321,6,4,2024-05-08,2025-05-08,6
Line 402,58.6,5.2,9.7,работает,1147,20,4,2023-12-23,2024-12-22,7
Line 403,45.1,5.0,10.8,работает,1286,5,4,2024-04-13,2025-04-13,6
Line 404,57.3,5.8,10.0,работает,1259,5,4,2023-01-18,2024-01-18,4
Line 405,55.3,5.8,10.7,работает,957,6,4,2024-07-07,2025-07-07,6
Line 406,54.5,5.0,11.1,работает,1019,9,4,2022-10-27,2023-10-27,5
Line 407,54.0,4.7,9.8,работает,1104,15,4,2024-04-10,2025-04-10,3
Line 408,46.7,4.7,10.3,работает,914,6,4,2023-09-10,2024-09-09,7
Line 409,59.0,4.8,9.6,работает,866,20,4,2023-05-24,2024-05-23,3
Line 410,54.5,5.9,12.0,работает,1019,10,4,2024-03-19,2025-03-19,7
Line 411,48.4,4.9,10.8,работает,1141,15,4,2023-09-08,2024-09-07,7
Line 412,58.2,4.7,10.1,работает,983,14,4,2024-04-01,2025-04-01,5
Line 413,45.9,5.4,9.6,работает,1069,8,4,2023-04-04,2024-04-03,4
Line 414,45.3,5.1,11.3,работает,879,10,4,2023-05-19,2024-05-18,5
Line 415,57.2,4.6,10.2,работает,1273,16,4,2023-08-06,2024-08-05,5
Line 416,54.0,4.7,11.8,работает,902,12,4,2023-07-27,2024-07-26,6
Line 417,49.2,5.6,9.9,работает,1235,17,4,2024-05-25,2025-05-25,7
Line 418,54.2,4.8,9.5,работает,1014,9,4,2024-05-23,2025-05-23,7
Line 419,55.1,4.9,11.3,работает,1088,11,4,2022-08-27,2023-08-27,7
Line 420,57.3,4.5,10.2,работает,1209,18,4,2023-10-15,2024-10-14,7
Line 421,57.3,5.5,10.3,работает,915,12,4,2023-06-30,2024-06-29,5
Line 422,55.3,5.2,10.3,работает,1140,8,4,2022-08-12,2023-08-12,5
Line 423,55.9,4.9,11.0,работает,1130,15,4,2024-06-11,2025-06-11,7
Line 424,52.2,5.9,10.4,работает,940,15,4,2022-10-09,2023-10-09,4
Line 425,57.6,5.2,9.8,работает,1175,6,4,2023-06-20,2024-06-19,7
Line 426,48.2,4.7,11.4,работает,856,14,4,2023-03-03,2024-03-02,3
Line 427,51.5,5.9,10.1,работает,980,15,4,2023-11-19,2024-11-18,5
Line 428,56.4,4.9,9.7,работает,1217,18,4,2023-07-06,2024-07-05,7
Line 429,48.2,5.9,11.1,работает,867,9,4,2023-04-01,2024-03-31,3
Line 430,58.9,4.5,11.9,работает,1166,13,4,2023-01-20,2024-01-20,4
Line 431,47.0,5.9,10.7,работает,910,13,4,2022-08-24,2023-08-24,4
Line 432,48.4,6.0,11.6,работает,1065,20,4,2024-05-20,2025-05-20,4
Line 433,59.0,5.6,10.5,работает,881,9,4,2022-11-26,2023-11-26,7
Line 434,53.7,4.7,11.7,работает,929,8,4,2024-03-09,2025-03-09,4
Line 435,52.9,5.8,11.6,работает,1106,8,4,2024-01-06,2025-01-05,4
Line 436,46.8,5.2,11.6,работает,1012,18,4,2022-10-23,2023-10-23,4
Line 437,55.7,4.8,10.0,работает,1096,20,4,2022-09-17,2023-09-17,6
Line 438,59.2,5.7,11.0,работает,903,13,4,2024-01-21,2025-01-20,6
Line 439,49.6,4.8,11.5,работает,941,9,4,2024-01-27,2025-01-26,3
Line 440,47.1,5.0,11.6,работает,963,11,4,2024-01-26,2025-01-25,6
Line 441,46.6,5.7,11.4,работает,1006,6,4,2023-04-07,2024-04-06,4
Line 442,51.9,5.9,10.8,работает,1318,17,4,2023-05-31,2024-05-30,3
Line 443,51.3,5.9,9.7,работает,1111,20,4,2024-06-07,2025-06-07,6
Line 444,53.9,5.0,9.9,работает,967,11,4,2023-03-02,2024-03-01,6
Line 445,46.1,4.9,9.7,работает,1139,9,4,2023-03-20,2024-03-19,5
Line 446,50.1,5.9,10.9,работает,1059,9,4,2023-04-16,2024-04-15,3
Line 447,48.3,5.1,11.8,работает,1082,19,4,2024-04-16,2025-04-16,5
Line 448,59.3,5.8,9.9,работает,1225,5,4,2024-01-22,2025-01-21,4
Line 449,58.3,5.2,11.5,работает,855,16,4,2023-06-28,2024-06-27,7
Line 450,52.3,5.7,11.3,работает,1060,13,4,2024-06-03,2025-06-03,3
Line 451,54.2,5.7,11.9,работает,1309,14,4,2022-11-28,2023-11-28,4
Line 452,54.1,5.7,12.0,работает,1198,7,4,2024-03-20,2025-03-20,3
Line 453,56.9,5.5,10.5,работает,831,18,4,2023-12-31,2024-12-30,3
Line 454,56.2,5.8,10.7,работает,892,13,4,2023-04-11,2024-04-10,4
Line 455,55.5,5.8,10.6,работает,1338,5,4,2024-01-26,2025-01-25,7
Line 456,58.5,6.0,11.2,работает,894,15,4,2023-12-27,2024-12-26,6
Line 457,46.5,4.7,10.1,работает,1270,14,4,2023-07-26,2024-07-25,6
Line 458,46.6,5.8,10.2,работает,867,16,4,2023-08-11,2024-08-10,4
Line 459,46.8,5.7,9.8,работает,1175,16,4,2023-02-13,2024-02-13,5
Line 460,48.8,5.8,11.8,работает,1018,9,4,2022-11-24,2023-11-24,4
Line 461,45.3,5.7,10.8,работает,1207,17,4,2024-03-30,2025-03-30,6
Line 462,56.8,5.1,11.3,работает,1289,6,4,2022-10-21,2023-10-21,5
Line 463,45.5,5.4,11.3,работает,836,5,4,2022-11-04,2023-11-04,5
Line 464,58.4,5.8,11.7,работает,1048,5,4,2023-05-06,2024-05-05,3
Line 465,47.9,5.6,9.9,работает,1248,16,4,2024-04-01,2025-04-01,5
Line 466,58.2,4.7,11.6,работает,875,9,4,2023-04-24,2024-04-23,4
Line 467,57.3,4.6,9.8,работает,859,18,4,2024-03-11,2025-03-11,4
Line 468,46.3,5.1,10.3,работает,1043,12,4,2023-06-11,2024-06-10,7
Line 469,57.3,5.4,11.0,работает,825,11,4,2023-12-28,2024-12-27,5
Line 470,56.9,5.0,11.3,работает,1298,12,4,2022-12-24,2023-12-24,6
Line 471,55.0,4.6,9.8,работает,937,15,4,2024-08-02,2025-08-02,3
Line 472,57.4,4.6,10.3,работает,985,13,4,2022-11-26,2023-11-26,7
Line 473,48.7,5.6,10.6,работает,1322,11,4,2023-10-20,2024-10-19,6
Line 474,48.8,4.8,10.8,работает,1041,17,4,2023-05-12,2024-05-11,5
Line 475,55.3,5.5,10.8,работает,943,14,4,2023-12-29,2024-12-28,3
Line 476,47.1,5.0,9.7,работает,916,12,4,2023-05-06,2024-05-05,7
Line 477,49.3,5.5,11.1,работает,856,8,4,2023-04-07,2024-04-06,4
Line 478,46.0,5.1,11.0,работает,967,20,4,2023-10-04,2024-10-03,7
Line 479,58.4,5.1,9.6,работает,1262,9,4,2022-12-12,2023-12-12,6
Line 480,54.3,4.5,10.8,работает,1170,7,4,2022-11-21,2023-11-21,3
Line 481,55.4,5.4,10.2,работает,839,13,4,2024-04-11,2025-04-11,7
Line 482,52.8,5.5,9.7,работает,1212,8,4,2024-08-03,2025-08-03,7
Line 483,56.2,4.9,9.9,работает,838,17,4,2023-02-18,2024-02-18,7
Line 484,55.7,4.6,11.2,работает,900,10,4,2023-12-02,2024-12-01,6
Line 485,57.0,4.6,11.7,работает,983,20,4,2024-07-21,2025-07-21,3
Line 486,52.9,4.6,10.7,работает,831,20,4,2022-12-02,2023-12-02,6
Line 487,52.7,5.4,10.4,работает,1039,6,4,2024-02-29,2025-02-28,3
Line 488,49.7,5.5,9.6,работает,919,10,4,2024-08-05,2025-08-05,7
Line 489,49.9,4.8,10.9,работает,946,7,4,2023-03-09,2024-03-08,4
Line 490,59.9,4.9,10.6,работает,1166,18,4,2023-06-09,2024-06-08,3
Line 491,53.8,5.6,10.9,работает,1221,7,4,2023-01-27,2024-01-27,5
Line 492,51.3,4.7,9.7,работает,1136,19,4,2022-11-29,2023-11-29,5
Line 493,53.1,5.0,10.3,работает,1147,20,4,2022-08-20,2023-08-20,4
Line 494,51.8,4.6,11.5,работает,930,17,4,2022-10-13,2023-10-13,6
Line 495,45.8,4.7,11.5,работает,1011,14,4,2023-03-12,2024-03-11,4
Line 496,48.1,5.4,10.2,работает,1336,11,4,2023-02-07,2024-02-07,5
Line 497,46.7,4.6,10.9,работает,911,17,4,2022-10-09,2023-10-09,7
Line 498,51.2,5.3,10.8,работает,1190,10,4,2023-07-22,2024-07-21,4
Line 499,58.0,4.9,11.4,работает,1217,10,4,2024-02-20,2025-02-19,5
Line 500,52.7,5.0,10.8,работает,1237,8,4,2023-09-06,2024-09-05,3
Line 501,47.6,5.7,9.8,работает,934,6,4,2023-02-01,2024-02-01,4
Line 502,48.9,4.5,11.8,работает,1313,20,4,2023-08-07,2024-08-06,7
Line 503,51.0,4.7,10.3,работает,1218,18,4,2024-02-16,2025-02-15,6
Line 504,57.8,5.3,11.4,работает,1021,18,4,2024-02-14,2025-02-13,7
Line 505,55.9,4.6,9.5,работает,1102,13,4,2024-06-13,2025-06-13,6
Line 506,56.6,5.2,9.9,работает,905,5,4,2022-10-12,2023-10-12,5
Line 507,52.5,5.6,10.2,работает,1243,7,4,2024-05-14,2025-05-14,5
Line 508,52.9,5.0,10.7,работает,1139,14,4,2023-12-28,2024-12-27,6
Line 509,49.3,5.7,10.0,работает,1114,12,4,2024-04-27,2025-04-27,4
Line 510,58.0,5.0,11.8,работает,1156,12,4,2022-10-22,2023-10-22,6
Line 511,55.8,5.7,10.4,работает,1077,13,4,2024-01-28,2025-01-27,7
Line 512,47.0,4.7,9.6,работает,1174,7,4,2024-01-12,2025-01-11,7
Line 513,45.0,4.7,11.3,работает,1088,12,4,2023-12-30,2024-12-29,6
Line 514,49.8,5.4,10.9,работает,1055,8,4,2024-06-22,2025-06-22,4
Line 515,52.7,5.4,11.1,работает,1058,20,4,2022-09-09,2023-09-09,4
Line 516,49.8,4.6,9.5,работает,824,17,4,2023-10-16,2024-10-15,3
Line 517,57.9,5.0,11.5,работает,820,5,4,2023-07-13,2024-07-12,5
Line 518,49.6,5.9,11.8,работает,955,14,4,2023-07-23,2024-07-22,4
Line 519,47.2,5.8,9.8,работает,1067,19,4,2022-10-01,2023-10-01,7
Line 520,51.5,4.5,10.4,работает,908,19,4,2023-02-05,2024-02-05,3
Line 521,58.4,5.9,10.0,работает,1151,5,4,2023-01-22,2024-01-22,4
Line 522,57.1,5.9,11.2,работает,876,19,4,2024-05-12,2025-05-12,7
Line 523,49.2,5.0,9.7,работает,823,10,4,2022-10-10,2023-10-10,3
Line 524,45.5,4.9,11.4,работает,864,16,4,2024-04-27,2025-04-27,4
Line 525,58.7,4.7,11.2,работает,1230,14,4,2023-08-17,2024-08-16,4
Line 526,52.1,4.7,9.6,работает,1280,8,4,2023-02-13,2024-02-13,4
Line 527,56.2,4.9,12.0,работает,970,7,4,2023-12-02,2024-12-01,5
Line 528,49.4,5.8,9.9,работает,892,9,4,2022-09-27,2023-09-27,7
Line 529,52.9,5.5,11.9,работает,1042,13,4,2023-06-21,2024-06-20,5
Line 530,49.0,4.6,11.4,работает,1255,13,4,2023-02-07,2024-02-07,4
Line 531,58.9,4.6,11.5,работает,1154,18,4,2023-08-22,2024-08-21,4
Line 532,49.1,4.8,11.4,работает,1053,10,4,2023-01-29,2024-01-29,3
Line 533,52.6,5.2,11.4,работает,1079,12,4,2023-11-25,2024-11-24,4
Line 534,58.3,5.7,10.6,работает,864,7,4,2024-05-02,2025-05-02,5
Line 535,51.1,5.8,10.7,работает,1347,18,4,2023-03-13,2024-03-12,7
Line 536,58.6,5.4,9.5,работает,976,17,4,2023-02-17,2024-02-17,3
Line 537,48.7,5.1,11.4,работает,985,14,4,2023-12-26,2024-12-25,7
Line 538,52.7,5.7,9.6,работает,1056,18,4,2022-12-15,2023-12-15,6
Line 539,52.7,5.4,9.8,работает,909,13,4,2023-07-06,2024-07-05,4
Line 540,56.5,4.6,10.5,работает,943,13,4,2022-10-23,2023-10-23,3
Line 541,59.0,5.9,12.0,работает,1314,5,4,2024-06-18,2025-06-18,4
Line 542,58.5,4.6,11.4,работает,1039,10,4,2023-12-28,2024-12-27,7
Line 543,55.8,5.2,11.8,работает,1209,8,4,2023-08-18,2024-08-17,7
Line 544,53.7,6.0,11.0,работает,986,17,4,2023-07-28,2024-07-27,3
Line 545,52.8,6.0,12.0,работает,1044,19,4,2024-05-06,2025-05-06,7
Line 546,55.7,5.3,9.6,работает,1148,8,4,2023-05-13,2024-05-12,5
Line 547,51.8,5.8,10.3,работает,840,20,4,2024-03-26,2025-03-26,7
Line 548,51.9,5.0,9.6,работает,913,10,4,2024-06-02,2025-06-02,3
Line 549,50.9,5.4,10.1,работает,897,7,4,2024-08-06,2025-08-06,4
Line 550,59.5,5.2,11.0,работает,1065,19,4,2024-05-13,2025-05-13,6
Line 551,48.6,4.9,9.8,работает,1305,19,4,2023-05-25,2024-05-24,6
Line 552,57.4,5.5,10.5,работает,1226,11,4,2024-02-27,2025-02-26,7
Line 553,48.4,5.5,10.5,работает,1200,8,4,2023-08-03,2024-08-02,3
Line 554,47.7,5.9,10.1,работает,819,8,4,2023-10-14,2024-10-13,4
Line 555,45.9,5.2,11.9,работает,1084,14,4,2022-11-29,2023-11-29,6
Line 556,46.3,5.7,11.6,работает,971,18,4,2023-12-14,2024-12-13,4
Line 557,50.0,4.8,11.9,работает,1283,12,4,2024-06-21,2025-06-21,7
Line 558,47.0,4.5,11.3,работает,1291,8,4,2023-05-02,2024-05-01,4
Line 559,48.5,5.1,10.7,работает,1317,15,4,2022-10-06,2023-10-06,4
Line 560,51.9,5.4,10.9,работает,1177,18,4,2023-10-18,2024-10-17,3
Line 561,49.3,5.5,10.0,работает,1232,18,4,2022-10-26,2023-10-26,7
Line 562,51.6,5.7,12.0,работает,874,15,4,2022-08-19,2023-08-19,5
Line 563,54.8,4.9,11.3,работает,1288,11,4,2023-05-05,2024-05-04,3
Line 564,51.6,5.2,11.7,работает,1032,18,4,2022-10-03,2023-10-03,4
Line 565,57.2,5.7,10.7,работает,1124,14,4,2023-07-23,2024-07-22,5
Line 566,54.3,5.9,11.3,работает,1113,5,4,2023-06-05,2024-06-04,6
Line 567,57.9,5.6,10.7,работает,1104,11,4,2022-12-12,2023-12-12,3
Line 568,49.8,5.1,11.5,работает,1197,10,4,2024-08-02,2025-08-02,6
Line 569,55.0,4.8,11.9,работает,1087,17,4,2024-04-11,2025-04-11,7
Line 570,49.1,5.5,9.6,работает,1292,13,4,2022-10-06,2023-10-06,6
Line 571,45.9,6.0,11.8,работает,931,16,4,2023-02-19,2024-02-19,5
Line 572,58.7,5.0,9.9,работает,929,15,4,2022-11-19,2023-11-19,5
Line 573,51.3,5.2,10.5,работает,1327,10,4,2023-05-22,2024-05-21,7
Line 574,46.7,4.8,11.4,работает,817,12,4,2023-07-09,2024-07-08,5
Line 575,55.5,5.5,9.6,работает,1234,15,4,2023-10-29,2024-10-28,4
Line 576,48.3,5.5,10.6,работает,1163,18,4,2023-05-25,2024-05-24,6
Line 577,45.6,4.8,10.5,работает,1021,14,4,2023-07-25,2024-07-24,6
Line 578,59.7,4.6,10.7,работает,1227,19,4,2023-02-06,2024-02-06,4
Line 579,46.1,4.7,9.9,работает,1140,5,4,2022-11-28,2023-11-28,6
Line 580,55.2,4.7,9.6,работает,1031,10,4,2024-06-03,2025-06-03,5
Line 581,52.9,5.6,9.9,работает,1095,20,4,2022-09-20,2023-09-20,3
Line 582,54.9,5.2,9.7,работает,863,9,4,2024-01-31,2025-01-30,6
Line 583,53.4,5.5,11.1,работает,1155,14,4,2024-05-05,2025-05-05,4
Line 584,54.3,5.0,9.6,работает,979,12,4,2023-04-02,2024-04-01,3
Line 585,59.2,4.9,10.2,работает,818,14,4,2024-06-13,2025-06-13,3
Line 586,53.9,5.4,9.8,работает,964,7,4,2022-09-07,2023-09-07,6
Line 587,57.6,5.4,11.1,работает,1030,6,4,2023-08-26,2024-08-25,4
Line 588,57.8,5.1,9.7,работает,1033,14,4,2022-12-03,2023-12-03,6
Line 589,56.2,5.3,10.6,работает,1332,14,4,2023-01-25,2024-01-25,4
Line 590,59.4,5.3,10.4,работает,890,8,4,2023-12-06,2024-12-05,5
Line 591,54.0,4.9,10.3,работает,1289,7,4,2023-01-27,2024-01-27,4
Line 592,45.7,5.4,10.9,работает,1017,18,4,2024-02-20,2025-02-19,6
Line 593,50.2,5.7,10.3,работает,1284,13,4,2022-09-25,2023-09-25,7
Line 594,53.5,4.8,9.5,работает,1299,6,4,2023-05-18,2024-05-17,3
Line 595,53.6,5.6,11.0,работает,1107,8,4,2023-02-12,2024-02-12,7
Line 596,51.7,5.2,11.1,работает,1296,11,4,2023-09-20,2024-09-19,6
Line 597,54.2,4.9,11.5,работает,1135,13,4,2023-11-04,2024-11-03,7
Line 598,54.2,5.7,10.9,работает,1114,19,4,2023-12-26,2024-12-25,6
Line 599,53.6,5.3,10.8,работает,1067,8,4,2024-05-10,2025-05-10,6
Line 600,56.1,4.5,11.3,работает,976,16,4,2022-11-04,2023-11-04,7
Line 601,50.7,5.8,9.6,работает,1199,10,4,2024-04-12,2025-04-12,4
Line 602,55.7,5.0,11.5,работает,1068,5,4,2022-09-26,2023-09-26,6
Line 603,56.7,5.0,10.7,работает,855,6,4,2023-08-23,2024-08-22,7
Line 604,50.4,5.8,10.7,работает,980,16,4,2023-01-19,2024-01-19,6
Line 605,47.4,4.9,11.8,работает,920,9,4,2023-06-20,2024-06-19,4
Line 606,53.3,5.4,10.2,работает,987,18,4,2022-12-19,2023-12-19,4
Line 607,51.3,5.0,9.9,работает,1303,16,4,2023-05-25,2024-05-24,5
Line 608,47.7,5.6,11.0,работает,895,13,4,2024-04-28,2025-04-28,6
Line 609,47.9,5.0,9.8,работает,1249,17,4,2023-01-03,2024-01-03,6
Line 610,45.8,5.3,10.8,работает,941,14,4,2024-04-05,2025-04-05,7
Line 611,55.7,4.6,10.7,работает,1150,5,4,2023-03-21,2024-03-20,3
Line 612,51.6,6.0,11.6,работает,1044,7,4,2024-08-04,2025-08-04,5
Line 613,59.6,4.7,11.5,работает,1185,19,4,2024-05-09,2025-05-09,4
Line 614,59.9,4.6,9.7,работает,829,15,4,2022-10-24,2023-10-24,6
Line 615,54.8,5.3,11.0,работает,1234,6,4,2022-12-21,2023-12-21,7
Line 616,57.9,4.6,10.7,работает,838,14,4,2023-06-30,2024-06-29,3
Line 617,55.5,5.5,9.6,работает,845,20,4,2022-12-11,2023-12-11,5
Line 618,52.8,5.7,10.6,работает,1166,6,4,2022-12-17,2023-12-17,3
Line 619,45.9,5.4,10.9,работает,1048,13,4,2024-04-14,2025-04-14,4
Line 620,56.5,5.0,11.5,работает,839,19,4,2023-09-14,2024-09-13,7
Line 621,57.4,4.5,10.5,работает,1255,8,4,2023-02-18,2024-02-18,6
Line 622,46.4,5.8,11.2,работает,1162,18,4,2023-08-03,2024-08-02,4
Line 623,55.9,5.3,10.5,работает,874,16,4,2023-07-29,2024-07-28,6
Line 624,46.8,4.6,10.8,работает,858,14,4,2023-11-08,2024-11-07,6
Line 625,57.6,5.7,10.7,работает,1325,19,4,2024-04-26,2025-04-26,5
Line 626,54.4,5.3,11.2,работает,1282,12,4,2023-02-01,2024-02-01,7
Line 627,45.8,6.0,11.7,работает,895,19,4,2024-01-26,2025-01-25,7
Line 628,58.9,5.0,10.2,работает,852,7,4,2023-05-22,2024-05-21,6
Line 629,45.1,5.7,11.5,работает,1115,13,4,2024-02-08,2025-02-07,4
Line 630,47.0,5.5,11.0,работает,932,12,4,2023-09-30,2024-09-29,4
Line 631,54.7,4.7,10.1,работает,1225,6,4,2023-12-21,2024-12-20,4
Line 632,54.0,5.4,9.8,работает,907,17,4,2023-09-19,2024-09-18,4
Line 633,46.3,6.0,9.8,работает,1211,14,4,2024-04-10,2025-04-10,3
Line 634,51.4,4.6,11.9,работает,1087,11,4,2024-01-30,2025-01-29,3
Line 635,52.1,5.6,11.1,работает,1301,14,4,2024-01-18,2025-01-17,4
Line 636,46.3,5.3,11.7,работает,1091,7,4,2024-03-19,2025-03-19,7
Line 637,56.4,5.0,11.4,работает,831,8,4,2023-08-29,2024-08-28,7
Line 638,47.3,5.2,11.6,работает,1249,20,4,2023-02-23,2024-02-23,4
Line 639,56.6,5.1,11.6,работает,1032,12,4,2023-11-15,2024-11-14,4
Line 640,48.1,5.6,11.7,работает,856,19,4,2023-05-20,2024-05-19,7
Line 641,55.2,5.0,10.5,работает,1313,9,4,2023-03-18,2024-03-17,3
Line 642,53.0,5.6,10.5,работает,1335,11,4,2023-01-07,2024-01-07,7
Line 643,56.8,5.4,11.9,работает,887,7,4,2024-05-20,2025-05-20,6
Line 644,51.6,6.0,10.2,работает,912,10,4,2023-04-12,2024-04-11,5
Line 645,52.1,5.8,9.6,работает,1288,5,4,2024-06-09,2025-06-09,5
Line 646,55.9,5.4,9.9,работает,1158,9,4,2023-03-29,2024-03-28,7
Line 647,53.8,5.2,10.6,работает,870,9,4,2024-06-21,2025-06-21,7
Line 648,56.9,5.6,11.7,работает,952,6,4,2022-10-27,2023-10-27,4
Line 649,45.7,5.1,9.7,работает,1191,6,4,2024-05-04,2025-05-04,6
Line 650,58.5,5.2,9.7,работает,1231,9,4,2022-10-29,2023-10-29,3
Line 651,56.8,6.0,10.0,работает,1184,12,4,2024-03-27,2025-03-27,3
Line 652,46.2,5.7,11.2,работает,814,16,4,2023-02-22,2024-02-22,6
Line 653,57.0,4.9,11.4,работает,900,7,4,2023-04-25,2024-04-24,5
Line 654,45.8,4.8,9.8,работает,1184,20,4,2023-09-02,2024-09-01,3
Line 655,58.8,5.5,11.6,работает,1156,13,4,2024-07-16,2025-07-16,3
Line 656,57.7,6.0,10.8,работает,930,9,4,2022-09-10,2023-09-10,6
Line 657,56.5,5.3,11.1,работает,1112,5,4,2023-11-22,2024-11-21,4
Line 658,46.2,4.7,11.6,работает,1326,20,4,2024-05-16,2025-05-16,6
Line 659,48.5,4.8,11.2,работает,1330,16,4,2023-11-01,2024-10-31,7
Line 660,48.5,4.9,9.6,работает,1190,19,4,2024-05-26,2025-05-26,5
Line 661,48.4,4.7,11.9,работает,1134,6,4,2022-09-19,2023-09-19,4
Line 662,51.7,5.3,9.7,работает,1065,13,4,2023-04-26,2024-04-25,4
Line 663,58.2,5.7,11.8,работает,1305,13,4,2022-10-23,2023-10-23,4
Line 664,47.4,5.1,11.2,работает,1147,15,4,2024-04-15,2025-04-15,6
Line 665,55.7,6.0,9.6,работает,1224,13,4,2022-09-18,2023-09-18,7
Line 666,59.4,4.9,11.6,работает,1149,14,4,2023-07-22,2024-07-21,3
Line 667,58.7,4.8,11.3,работает,1056,6,4,2023-01-31,2024-01-31,3
Line 668,49.8,5.4,11.5,работает,1026,10,4,2024-02-02,2025-02-01,5
Line 669,51.8,4.6,10.1,работает,851,12,4,2022-10-04,2023-10-04,5
Line 670,48.2,6.0,11.2,работает,1076,6,4,2023-11-25,2024-11-24,5
Line 671,58.3,5.3,11.9,работает,1185,14,4,2023-09-28,2024-09-27,5
Line 672,53.5,5.3,10.5,работает,1182,13,4,2022-12-12,2023-12-12,3
Line 673,53.5,5.5,9.9,работает,1221,20,4,2022-11-19,2023-11-19,4
Line 674,57.1,5.8,10.4,работает,978,17,4,2022-11-16,2023-11-16,6
Line 675,49.2,4.9,11.0,работает,1040,13,4,2024-08-01,2025-08-01,7
Line 676,45.6,5.6,11.3,работает,1194,12,4,2023-11-07,2024-11-06,6
Line 677,54.4,4.8,11.5,работает,983,19,4,2022-10-10,2023-10-10,4
Line 678,57.1,5.2,10.4,работает,928,8,4,2024-04-30,2025-04-30,6
Line 679,50.2,5.3,11.0,работает,884,19,4,2023-01-25,2024-01-25,4
Line 680,46.5,6.0,11.4,работает,821,19,4,2023-07-29,2024-07-28,4
Line 681,58.5,4.5,11.6,работает,821,13,4,2024-04-14,2025-04-14,4
Line 682,58.0,4.5,11.1,работает,869,9,4,2024-05-10,2025-05-10,4
Line 683,53.9,5.0,9.6,работает,826,12,4,2024-05-27,2025-05-27,7
Line 684,45.0,5.4,10.5,работает,1009,10,4,2024-04-11,2025-04-11,6
Line 685,54.4,5.3,11.6,работает,1275,9,4,2023-04-04,2024-04-03,6
Line 686,46.1,4.6,11.1,работает,936,10,4,2022-10-10,2023-10-10,5
Line 687,59.2,5.3,11.1,работает,805,16,4,2023-04-10,2024-04-09,3
Line 688,59.5,5.3,10.3,работает,1017,16,4,2023-04-25,2024-04-24,3
Line 689,57.5,5.3,10.6,работает,1263,16,4,2023-10-27,2024-10-26,6
Line 690,48.6,5.9,11.9,работает,814,18,4,2023-12-14,2024-12-13,5
Line 691,56.2,5.1,11.4,работает,1130,18,4,2022-12-25,2023-12-25,7
Line 692,57.5,4.9,11.1,работает,939,18,4,2023-04-14,2024-04-13,4
Line 693,48.3,4.7,11.7,работает,1031,10,4,2024-03-10,2025-03-10,3
Line 694,59.3,6.0,11.5,работает,1310,14,4,2024-04-23,2025-04-23,5
Line 695,58.2,5.5,10.7,работает,805,8,4,2024-04-22,2025-04-22,5
Line 696,57.8,5.7,12.0,работает,1163,6,4,2023-04-29,2024-04-28,5
Line 697,50.1,4.6,11.8,работает,1024,5,4,2023-12-07,2024-12-06,7
Line 698,54.9,5.7,12.0,работает,977,9,4,2024-04-27,2025-04-27,3
Line 699,47.7,4.7,11.4,работает,929,13,4,2023-09-19,2024-09-18,7
Line 700,59.0,5.7,11.4,работает,1310,18,4,2024-07-16,2025-07-16,4
Line 701,57.3,5.8,11.3,работает,1016,11,4,2023-06-27,2024-06-26,5
Line 702,47.6,4.8,11.9,работает,860,10,4,2024-06-21,2025-06-21,4
Line 703,46.4,4.9,11.9,работает,1062,12,4,2023-03-28,2024-03-27,3
Line 704,50.9,5.9,9.6,работает,1130,9,4,2023-02-03,2024-02-03,5
Line 705,50.2,5.5,10.6,работает,1253,13,4,2024-06-24,2025-06-24,4
Line 706,51.2,5.8,11.1,работает,868,11,4,2023-11-30,2024-11-29,3
Line 707,48.1,5.3,11.1,работает,1306,19,4,2023-07-28,2024-07-27,7
Line 708,45.3,4.6,10.2,работает,1231,9,4,2023-01-07,2024-01-07,6
Line 709,58.6,5.4,10.4,работает,1116,18,4,2022-11-28,2023-11-28,5
Line 710,46.0,4.5,11.8,работает,1181,8,4,2023-08-26,2024-08-25,6
Line 711,50.9,5.5,10.2,работает,824,10,4,2022-11-15,2023-11-15,3
Line 712,49.8,4.9,10.6,работает,942,13,4,2024-06-15,2025-06-15,6
Line 713,45.8,6.0,9.6,работает,1299,20,4,2024-05-17,2025-05-17,3
Line 714,58.2,5.5,9.6,работает,1121,6,4,2023-05-29,2024-05-28,7
Line 715,54.8,5.0,10.7,работает,1105,14,4,2023-07-18,2024-07-17,6
Line 716,48.8,5.7,10.2,работает,923,5,4,2024-03-26,2025-03-26,6
Line 717,49.6,5.4,9.6,работает,1140,16,4,2023-10-26,2024-10-25,7
Line 718,55.2,5.3,11.6,работает,1244,18,4,2023-02-26,2024-02-26,7
Line 719,52.8,5.0,11.0,работает,826,17,4,2023-07-18,2024-07-17,5
Line 720,45.5,5.6,10.2,работает,1013,16,4,2024-01-26,2025-01-25,5
Line 721,46.4,5.3,10.4,работает,1178,13,4,2024-01-25,2025-01-24,6
Line 722,53.7,5.9,11.5,работает,886,18,4,2024-02-24,2025-02-23,3
Line 723,54.0,5.5,11.8,работает,1307,12,4,2023-07-16,2024-07-15,7
Line 724,57.7,5.6,11.1,работает,1110,16,4,2022-09-23,2023-09-23,5
Line 725,51.5,5.6,11.3,работает,846,7,4,2023-05-30,2024-05-29,4
Line 726,57.3,4.7,11.6,работает,829,9,4,2023-08-11,2024-08-10,6
Line 727,45.9,4.7,10.8,работает,1146,11,4,2023-08-26,2024-08-25,3
Line 728,47.7,5.4,10.4,работает,1104,5,4,2024-07-04,2025-07-04,4
Line 729,56.8,5.4,10.6,работает,952,12,4,2022-10-28,2023-10-28,7
Line 730,47.3,4.6,10.6,работает,1276,14,4,2022-09-08,2023-09-08,6
Line 731,50.1,5.7,11.7,работает,953,18,4,2024-06-05,2025-06-05,7
Line 732,55.1,5.7,9.6,работает,1335,9,4,2024-05-20,2025-05-20,3
Line 733,54.4,4.9,9.9,работает,823,14,4,2023-02-13,2024-02-13,5
Line 734,54.6,4.5,9.7,работает,1158,13,4,2022-10-20,2023-10-20,4
Line 735,52.3,4.8,11.8,работает,832,20,4,2023-09-25,2024-09-24,4
Line 736,55.9,4.9,11.4,работает,1024,20,4,2023-03-13,2024-03-12,5
Line 737,50.5,5.4,11.4,работает,848,15,4,2023-12-09,2024-12-08,5
Line 738,53.3,5.7,10.4,работает,908,20,4,2022-12-10,2023-12-10,6
Line 739,53.2,4.8,11.0,работает,1014,17,4,2022-10-29,2023-10-29,7
Line 740,48.3,4.6,11.3,работает,1292,16,4,2023-12-21,2024-12-20,5
Line 741,59.4,5.8,9.5,работает,1237,10,4,2023-11-17,2024-11-16,7
Line 742,56.9,4.6,10.4,работает,1073,20,4,2024-05-15,2025-05-15,5
Line 743,49.4,4.9,10.8,работает,962,15,4,2023-02-22,2024-02-22,7
Line 744,49.2,5.6,10.5,работает,819,11,4,2023-03-28,2024-03-27,6
Line 745,58.0,5.5,10.0,работает,1143,7,4,2023-04-12,2024-04-11,3
Line 746,52.2,5.2,9.9,работает,914,13,4,2023-11-27,2024-11-26,3
Line 747,59.1,5.7,10.9,работает,1091,18,4,2023-07-20,2024-07-19,6
Line 748,47.7,5.3,9.7,работает,1307,12,4,2023-03-18,2024-03-17,5
Line 749,46.6,4.8,9.7,работает,832,8,4,2024-07-24,2025-07-24,4
Line 750,47.2,4.9,11.0,работает,1315,8,4,2023-07-28,2024-07-27,4
Line 751,45.9,5.9,9.9,работает,850,10,4,2023-12-03,2024-12-02,5
Line 752,59.5,5.6,11.6,работает,1295,8,4,2024-01-01,2024-12-31,6
Line 753,60.0,5.8,11.0,работает,1055,5,4,2023-12-07,2024-12-06,5
Line 754,58.0,5.3,10.9,работает,874,14,4,2022-09-18,2023-09-18,4
Line 755,48.6,5.8,10.3,работает,1322,12,4,2024-03-30,2025-03-30,7
Line 756,53.7,4.7,10.1,работает,822,13,4,2022-12-19,2023-12-19,6
Line 757,58.7,5.8,12.0,работает,1148,14,4,2024-06-03,2025-06-03,7
Line 758,55.9,4.5,9.9,работает,1226,9,4,2022-11-08,2023-11-08,5
Line 759,51.0,5.8,11.7,работает,1276,20,4,2023-03-15,2024-03-14,4
Line 760,47.1,4.8,10.8,работает,1320,6,4,2023-11-27,2024-11-26,7
Line 761,51.2,5.5,10.9,работает,836,14,4,2023-09-18,2024-09-17,3
Line 762,53.9,5.5,10.1,работает,1017,11,4,2022-09-17,2023-09-17,6
Line 763,58.4,5.6,10.8,работает,1239,14,4,2023-02-10,2024-02-10,4
Line 764,54.8,5.6,10.8,работает,899,5,4,2023-09-25,2024-09-24,6
Line 765,49.1,5.8,11.7,работает,1282,12,4,2022-11-23,2023-11-23,6
Line 766,51.4,5.6,11.1,работает,1190,12,4,2022-11-16,2023-11-16,5
Line 767,59.7,4.9,11.6,работает,928,12,4,2024-05-01,2025-05-01,5
Line 768,45.4,5.7,10.8,работает,1198,20,4,2023-07-27,2024-07-26,6
Line 769,48.0,5.2,11.2,работает,1211,6,4,2023-01-07,2024-01-07,4
Line 770,56.5,5.6,10.6,работает,1014,18,4,2022-09-28,2023-09-28,4
Line 771,52.4,6.0,10.1,работает,997,17,4,2023-12-19,2024-12-18,3
Line 772,51.4,4.7,9.8,работает,1261,18,4,2024-01-16,2025-01-15,7
Line 773,46.7,4.8,11.7,работает,1012,20,4,2023-03-25,2024-03-24,3
Line 774,51.9,5.4,9.9,работает,1115,15,4,2022-09-20,2023-09-20,5
Line 775,54.7,4.9,10.6,работает,890,7,4,2022-08-17,2023-08-17,3
Line 776,46.8,5.3,11.7,работает,1052,12,4,2023-06-08,2024-06-07,6
Line 777,46.5,5.0,10.2,работает,1207,16,4,2023-11-17,2024-11-16,7
Line 778,59.9,4.8,10.7,работает,1213,12,4,2023-09-30,2024-09-29,7
Line 779,51.4,5.1,10.5,работает,960,8,4,2024-07-29,2025-07-29,5
Line 780,52.7,5.6,11.8,работает,811,18,4,2023-07-10,2024-07-09,6
Line 781,53.4,4.6,11.4,работает,845,9,4,2024-07-04,2025-07-04,3
Line 782,52.9,4.9,11.5,работает,1228,19,4,2022-10-24,2023-10-24,4
Line 783,52.5,4.5,11.6,работает,1311,18,4,2022-08-20,2023-08-20,6
Line 784,53.8,5.9,10.3,работает,1331,12,4,2024-03-19,2025-03-19,6
Line 785,49.6,4.5,10.9,работает,1091,12,4,2024-05-04,2025-05-04,7
Line 786,46.0,4.8,10.7,работает,1126,14,4,2024-03-18,2025-03-18,6
Line 787,47.9,4.7,11.2,работает,872,15,4,2023-09-11,2024-09-10,3
Line 788,54.1,4.8,10.0,работает,1305,5,4,2023-03-22,2024-03-21,4
Line 789,54.5,5.2,11.4,работает,1311,9,4,2024-05-19,2025-05-19,6
Line 790,57.0,4.8,11.2,работает,1101,9,4,2024-04-24,2025-04-24,3
Line 791,53.3,5.7,11.7,работает,976,7,4,2022-12-22,2023-12-22,7
Line 792,53.6,4.9,11.3,работает,1241,18,4,2023-04-13,2024-04-12,5
Line 793,50.1,4.7,10.8,работает,1262,17,4,2023-10-27,2024-10-26,3
Line 794,48.2,6.0,9.6,работает,1074,11,4,2024-04-26,2025-04-26,5
Line 795,47.5,5.3,11.9,работает,918,8,4,2023-11-22,2024-11-21,4
Line 796,50.3,5.6,10.5,работает,1280,18,4,2023-08-20,2024-08-19,4
Line 797,60.0,5.0,11.5,работает,1208,17,4,2022-09-15,2023-09-15,3
Line 798,53.9,5.0,11.2,работает,1322,8,4,2023-07-19,2024-07-18,6
Line 799,48.1,5.6,10.3,работает,1016,7,4,2024-06-01,2025-06-01,6
Line 800,50.0,5.5,11.0,работает,989,8,4,2023-08-05,2024-08-04,4
Line 801,52.3,4.7,11.5,работает,1234,16,4,2022-12-14,2023-12-14,7
Line 802,45.3,5.5,11.9,работает,847,15,4,2024-07-14,2025-07-14,7
Line 803,45.9,5.4,9.5,работает,815,6,4,2023-04-13,2024-04-12,3
Line 804,56.5,5.2,9.9,работает,932,9,4,2023-10-29,2024-10-28,6
Line 805,56.5,5.8,11.5,работает,1120,5,4,2023-05-15,2024-05-14,4
Line 806,51.6,4.9,11.2,работает,974,19,4,2023-02-05,2024-02-05,5
Line 807,54.9,5.2,10.9,работает,932,20,4,2022-08-23,2023-08-23,4
Line 808,50.6,4.7,10.2,работает,938,6,4,2023-06-16,2024-06-15,5
Line 809,52.0,5.9,10.3,работает,837,5,4,2024-03-12,2025-03-12,6
Line 810,56.7,6.0,11.2,работает,1048,9,4,2023-11-21,2024-11-20,6
Line 811,59.3,5.8,11.9,работает,1156,9,4,2022-10-28,2023-10-28,4
Line 812,46.8,5.8,11.4,работает,895,6,4,2023-10-26,2024-10-25,3
Line 813,49.5,4.5,11.1,работает,874,12,4,2022-12-13,2023-12-13,7
Line 814,49.4,5.4,11.5,работает,984,6,4,2023-09-09,2024-09-08,7
Line 815,55.0,5.3,9.5,работает,1023,13,4,2023-08-12,2024-08-11,5
Line 816,55.2,5.3,11.6,работает,1324,16,4,2023-07-29,2024-07-28,7
Line 817,59.6,4.5,11.9,работает,1276,5,4,2024-03-06,2025-03-06,6
Line 818,50.6,5.5,11.0,работает,1089,20,4,2023-04-18,2024-04-17,6
Line 819,58.2,5.3,11.6,работает,1185,9,4,2022-12-14,2023-12-14,3
Line 820,53.4,5.0,10.6,работает,965,12,4,2024-04-27,2025-04-27,3
Line 821,57.5,5.7,11.7,работает,1096,15,4,2024-07-08,2025-07-08,4
Line 822,46.0,4.9,10.9,работает,1016,17,4,2023-02-13,2024-02-13,7
Line 823,57.8,5.7,9.9,работает,1274,6,4,2024-01-19,2025-01-18,5
Line 824,56.8,5.9,11.3,работает,1011,9,4,2023-04-12,2024-04-11,7
Line 825,48.1,4.8,9.6,работает,1080,15,4,2024-05-24,2025-05-24,5
Line 826,50.5,5.1,11.3,работает,1049,9,4,2024-07-18,2025-07-18,5
Line 827,55.6,5.4,10.8,работает,1037,12,4,2023-02-07,2024-02-07,4
Line 828,45.8,4.9,10.8,работает,1299,9,4,2023-10-31,2024-10-30,4
Line 829,57.9,4.9,10.6,работает,1273,20,4,2022-12-27,2023-12-27,3
Line 830,55.7,5.1,11.6,работает,976,16,4,2023-01-10,2024-01-10,7
Line 831,50.6,4.8,10.8,работает,1173,18,4,2024-07-01,2025-07-01,4
Line 832,53.8,5.5,9.6,работает,1200,19,4,2024-08-02,2025-08-02,4
Line 833,52.7,5.8,10.4,работает,1207,14,4,2023-02-09,2024-02-09,5
Line 834,55.3,5.5,10.3,работает,1269,13,4,2022-09-28,2023-09-28,4
Line 835,59.1,4.7,11.8,работает,808,17,4,2024-01-02,2025-01-01,4
Line 836,55.3,5.9,10.7,работает,1052,20,4,2023-11-14,2024-11-13,3
Line 837,58.3,5.2,10.3,работает,1145,14,4,2024-01-14,2025-01-13,4
Line 838,54.3,5.9,10.6,работает,977,10,4,2023-11-15,2024-11-14,7
Line 839,58.5,5.5,10.2,работает,1222,16,4,2023-11-03,2024-11-02,6
Line 840,45.7,5.6,10.7,работает,867,13,4,2023-04-23,2024-04-22,6
Line 841,48.2,5.5,10.6,работает,1259,14,4,2022-11-26,2023-11-26,6
Line 842,59.3,4.7,10.7,работает,1221,13,4,2022-11-28,2023-11-28,3
Line 843,48.3,4.5,10.4,работает,1330,19,4,2023-10-17,2024-10-16,6
Line 844,58.8,5.8,10.3,работает,1309,17,4,2023-10-17,2024-10-16,3
Line 845,52.4,5.2,10.3,работает,1037,10,4,2023-05-24,2024-05-23,6
Line 846,50.8,5.7,10.4,работает,838,7,4,2024-05-15,2025-05-15,3
Line 847,52.4,5.2,12.0,работает,1227,7,4,2023-08-29,2024-08-28,5
Line 848,55.5,4.7,11.5,работает,1285,14,4,2023-03-01,2024-02-29,6
Line 849,45.5,5.5,11.9,работает,1107,12,4,2023-12-07,2024-12-06,5
Line 850,49.9,5.3,11.8,работает,1065,7,4,2023-01-18,2024-01-18,4
Line 851,58.9,4.6,10.0,работает,1323,13,4,2024-03-13,2025-03-13,7
Line 852,45.1,4.7,11.1,работает,839,6,4,2023-03-09,2024-03-08,3
Line 853,50.9,5.3,10.5,работает,1123,7,4,2023-08-06,2024-08-05,3
Line 854,58.1,4.9,10.0,работает,1259,11,4,2023-04-19,2024-04-18,4
Line 855,47.8,4.7,11.5,работает,1174,7,4,2023-05-05,2024-05-04,5
Line 856,58.9,5.4,11.7,работает,996,19,4,2022-11-03,2023-11-03,7
Line 857,58.1,5.9,11.2,работает,1061,9,4,2022-09-26,2023-09-26,7
Line 858,46.3,5.6,9.8,работает,933,14,4,2022-12-03,2023-12-03,3
Line 859,47.4,4.8,10.0,работает,1009,6,4,2023-09-25,2024-09-24,4
Line 860,51.5,6.0,10.3,работает,1171,6,4,2022-09-08,2023-09-08,7
Line 861,47.2,5.7,11.9,работает,1126,6,4,2023-09-22,2024-09-21,3
Line 862,46.4,5.4,9.7,работает,1312,6,4,2022-09-11,2023-09-11,6
Line 863,53.8,5.7,10.3,работает,881,19,4,2023-03-21,2024-03-20,4
Line 864,48.6,5.1,9.5,работает,1236,18,4,2023-02-10,2024-02-10,5
Line 865,53.6,5.2,11.5,работает,1329,10,4,2023-09-28,2024-09-27,5
Line 866,49.6,5.9,10.1,работает,1102,8,4,2022-08-10,2023-08-10,7
Line 867,53.2,5.9,10.8,работает,1175,5,4,2022-09-07,2023-09-07,6
Line 868,45.8,4.7,11.1,работает,1002,17,4,2023-03-07,2024-03-06,4
Line 869,48.4,5.6,11.8,работает,1302,19,4,2023-07-09,2024-07-08,6
Line 870,55.4,5.9,11.3,работает,954,20,4,2023-03-20,2024-03-19,5
Line 871,51.0,4.8,10.6,работает,840,20,4,2023-08-15,2024-08-14,5
Line 872,56.8,4.8,10.1,работает,1179,17,4,2024-07-13,2025-07-13,3
Line 873,55.7,5.3,11.6,работает,943,7,4,2023-12-12,2024-12-11,5
Line 874,54.9,5.8,11.7,работает,1315,13,4,2024-05-18,2025-05-18,6
Line 875,54.0,5.7,11.2,работает,1004,18,4,2023-06-13,2024-06-12,3
Line 876,51.6,5.5,10.4,работает,871,19,4,2022-11-27,2023-11-27,7
Line 877,53.6,5.3,10.0,работает,1088,5,4,2022-09-17,2023-09-17,3
Line 878,51.1,5.4,11.5,работает,846,13,4,2022-08-20,2023-08-20,4
Line 879,55.2,5.6,11.6,работает,1218,7,4,2024-01-13,2025-01-12,7
Line 880,54.8,4.7,11.9,работает,1188,12,4,2023-09-24,2024-09-23,3
Line 881,57.2,5.9,11.8,работает,1227,13,4,2024-01-07,2025-01-06,3
Line 882,54.3,5.9,10.0,работает,821,12,4,2023-08-13,2024-08-12,6
Line 883,57.6,4.8,10.3,работает,813,10,4,2023-03-10,2024-03-09,3
Line 884,58.7,6.0,11.5,работает,1055,14,4,2024-01-30,2025-01-29,4
Line 885,52.8,4.7,11.6,работает,816,7,4,2023-10-31,2024-10-30,6
Line 886,50.6,5.3,11.3,работает,1002,17,4,2023-10-03,2024-10-02,5
Line 887,53.3,5.1,11.8,работает,1013,6,4,2023-04-11,2024-04-10,6
Line 888,46.7,5.1,11.0,работает,1290,15,4,2022-10-07,2023-10-07,5
Line 889,51.8,5.3,9.5,работает,1330,5,4,2022-12-28,2023-12-28,7
Line 890,57.7,5.8,10.8,работает,891,11,4,2022-11-02,2023-11-02,3
Line 891,45.5,4.7,11.1,работает,845,13,4,2023-08-14,2024-08-13,6
Line 892,57.7,5.1,9.9,работает,1069,8,4,2024-07-02,2025-07-02,7
Line 893,48.1,5.1,10.5,работает,1132,16,4,2023-07-23,2024-07-22,6
Line 894,50.8,5.2,10.3,работает,949,10,4,2023-12-03,2024-12-02,6
Line 895,48.1,5.6,10.6,работает,1323,11,4,2023-02-25,2024-02-25,3
Line 896,55.4,5.3,10.7,работает,958,16,4,2022-12-22,2023-12-22,5
Line 897,48.5,5.5,11.0,работает,1323,17,4,2023-01-03,2024-01-03,4
Line 898,58.3,4.9,10.0,работает,1047,16,4,2022-11-08,2023-11-08,6
Line 899,50.3,5.8,10.4,работает,1135,5,4,2023-12-22,2024-12-21,6
Line 900,58.3,5.1,10.4,работает,979,5,4,2023-09-23,2024-09-22,5
Line 901,51.3,5.4,10.6,работает,1070,8,4,2023-02-03,2024-02-03,7
Line 902,48.7,4.8,9.6,работает,1023,19,4,2023-10-12,2024-10-11,4
Line 903,57.1,5.2,11.7,работает,1179,6,4,2023-06-29,2024-06-28,7
Line 904,45.2,5.5,10.2,работает,881,16,4,2024-01-05,2025-01-04,3
Line 905,48.8,5.7,11.6,работает,1190,16,4,2023-11-11,2024-11-10,4
Line 906,58.3,6.0,11.8,работает,1067,7,4,2023-01-11,2024-01-11,3
Line 907,50.1,5.8,11.5,работает,887,7,4,2023-07-24,2024-07-23,4
Line 908,59.5,5.1,10.8,работает,1325,5,4,2022-12-01,2023-12-01,6
Line 909,45.9,5.7,11.7,работает,802,19,4,2023-04-01,2024-03-31,4
Line 910,50.6,5.7,10.0,работает,1020,16,4,2024-02-17,2025-02-16,5
Line 911,57.1,4.6,11.7,работает,1264,20,4,2023-07-12,2024-07-11,6
Line 912,52.4,5.5,10.1,работает,1102,17,4,2022-09-29,2023-09-29,7
Line 913,45.3,5.0,11.9,работает,1089,19,4,2022-11-16,2023-11-16,7
Line 914,56.5,5.6,11.3,работает,1296,9,4,2022-10-15,2023-10-15,6
Line 915,48.9,5.1,11.9,работает,1273,10,4,2022-11-28,2023-11-28,3
Line 916,57.7,5.5,10.7,работает,1180,18,4,2023-09-04,2024-09-03,4
Line 917,53.8,5.1,11.7,работает,1240,9,4,2023-08-10,2024-08-09,7
Line 918,53.8,4.6,11.1,работает,842,19,4,2024-01-09,2025-01-08,5
Line 919,46.5,5.7,9.9,работает,860,6,4,2024-02-10,2025-02-09,4
Line 920,51.8,6.0,11.2,работает,1173,19,4,2023-06-09,2024-06-08,6
Line 921,55.9,5.5,9.8,работает,829,14,4,2023-04-10,2024-04-09,3
Line 922,53.9,4.5,11.1,работает,966,10,4,2024-01-16,2025-01-15,7
Line 923,53.5,5.0,11.5,работает,849,8,4,2023-04-20,2024-04-19,4
Line 924,46.9,4.7,11.1,работает,817,18,4,2023-12-14,2024-12-13,3
Line 925,50.1,5.8,11.8,работает,1036,7,4,2023-01-27,2024-01-27,3
Line 926,59.9,5.8,10.3,работает,886,17,4,2023-03-18,2024-03-17,5
Line 927,45.6,5.9,11.7,работает,1193,17,4,2024-06-15,2025-06-15,6
Line 928,55.6,5.1,11.5,работает,924,15,4,2024-04-19,2025-04-19,4
Line 929,50.9,5.1,9.9,работает,1138,8,4,2023-08-11,2024-08-10,5
Line 930,57.2,5.4,10.6,работает,848,14,4,2024-05-01,2025-05-01,7
Line 931,56.4,5.1,11.1,работает,1012,9,4,2024-01-22,2025-01-21,4
Line 932,46.6,5.0,9.5,работает,975,6,4,2024-07-24,2025-07-24,4
Line 933,49.9,5.3,10.7,работает,1016,14,4,2023-07-04,2024-07-03,4
Line 934,58.2,5.3,11.7,работает,1258,11,4,2023-06-05,2024-06-04,4
Line 935,52.4,5.8,9.8,работает,1073,20,4,2022-08-18,2023-08-18,7
Line 936,53.8,5.6,11.0,работает,1223,7,4,2022-09-14,2023-09-14,4
Line 937,49.6,5.7,11.9,работает,836,5,4,2023-01-21,2024-01-21,5
Line 938,51.0,4.8,11.0,работает,1307,13,4,2024-06-06,2025-06-06,5
Line 939,56.0,6.0,9.9,работает,1088,20,4,2024-01-14,2025-01-13,3
Line 940,55.5,5.8,11.8,работает,1285,5,4,2024-06-30,2025-06-30,6
Line 941,53.9,5.2,9.5,работает,1106,20,4,2024-03-08,2025-03-08,4
Line 942,50.8,4.8,11.8,работает,1195,9,4,2024-07-13,2025-07-13,6
Line 943,50.7,5.2,11.4,работает,1059,10,4,2022-10-23,2023-10-23,5
Line 944,51.9,5.3,11.6,работает,1289,14,4,2023-08-30,2024-08-29,3
Line 945,57.1,4.8,11.4,работает,1215,11,4,2022-08-28,2023-08-28,7
Line 946,52.7,5.8,10.3,работает,1117,7,4,2023-08-08,2024-08-07,3
Line 947,54.1,5.2,9.9,работает,924,20,4,2024-07-12,2025-07-12,7
Line 948,52.1,5.8,11.7,работает,910,17,4,2023-10-08,2024-10-07,7
Line 949,49.6,5.0,11.7,работает,837,14,4,2023-12-25,2024-12-24,6
Line 950,57.5,4.7,10.6,работает,939,17,4,2022-12-08,2023-12-08,6
Line 951,57.0,5.2,10.3,работает,1189,11,4,2023-01-10,2024-01-10,7
Line 952,49.5,4.9,10.6,работает,878,5,4,2023-03-05,2024-03-04,3
Line 953,51.2,5.0,10.8,работает,1311,12,4,2024-06-14,2025-06-14,4
Line 954,51.2,5.2,11.6,работает,1038,12,4,2023-11-10,2024-11-09,3
Line 955,52.7,5.6,11.5,работает,889,15,4,2023-09-03,2024-09-02,4
Line 956,46.1,4.9,11.2,работает,885,12,4,2022-10-20,2023-10-20,4
Line 957,54.1,6.0,10.3,работает,1306,11,4,2022-08-12,2023-08-12,3
Line 958,50.8,4.9,10.7,работает,897,6,4,2023-06-08,2024-06-07,5
Line 959,59.5,5.7,10.7,работает,1247,12,4,2024-02-28,2025-02-27,4
Line 960,45.1,4.6,11.3,работает,1031,14,4,2023-05-06,2024-05-05,6
Line 961,52.2,5.2,10.7,работает,1309,11,4,2023-10-29,2024-10-28,7
Line 962,49.5,5.5,10.8,работает,859,7,4,2023-02-23,2024-02-23,4
Line 963,52.2,5.6,10.4,работает,812,20,4,2023-02-08,2024-02-08,3
Line 964,57.9,4.9,11.6,работает,1200,5,4,2023-12-22,2024-12-21,5
Line 965,56.6,5.5,10.3,работает,1333,6,4,2024-03-22,2025-03-22,5
Line 966,52.3,5.2,11.5,работает,1264,18,4,2022-10-29,2023-10-29,3
Line 967,54.9,5.2,11.9,работает,1235,16,4,2023-02-23,2024-02-23,6
Line 968,47.5,5.4,9.9,работает,1169,8,4,2024-01-24,2025-01-23,5
Line 969,58.5,5.3,10.3,работает,940,8,4,2024-06-28,2025-06-28,6
Line 970,58.2,5.7,11.0,работает,1319,18,4,2022-12-14,2023-12-14,4
Line 971,48.3,6.0,11.5,работает,1045,12,4,2023-11-03,2024-11-02,4
Line 972,55.5,4.6,9.6,работает,803,6,4,2022-08-10,2023-08-10,5
Line 973,56.9,5.5,11.8,работает,1346,16,4,2023-03-03,2024-03-02,5
Line 974,49.5,5.9,11.0,работает,881,20,4,2023-02-16,2024-02-16,6
Line 975,55.0,5.4,11.0,работает,932,11,4,2024-08-05,2025-08-05,5
Line 976,52.1,5.1,10.6,работает,1188,14,4,2022-11-07,2023-11-07,7
Line 977,58.5,5.3,11.5,работает,1262,17,4,2024-07-25,2025-07-25,3
Line 978,47.8,5.3,11.7,работает,960,5,4,2023-12-02,2024-12-01,4
Line 979,56.0,4.9,9.6,работает,989,18,4,2023-10-01,2024-09-30,4
Line 980,49.0,5.7,11.2,работает,1339,5,4,2024-03-15,2025-03-15,4
Line 981,59.0,5.8,11.6,работает,1066,6,4,2023-10-10,2024-10-09,6
Line 982,58.2,4.5,9.5,работает,952,9,4,2023-11-09,2024-11-08,4
Line 983,45.3,5.3,11.1,работает,1013,7,4,2023-02-01,2024-02-01,3
Line 984,59.4,6.0,12.0,работает,1039,13,4,2022-08-18,2023-08-18,5
Line 985,55.5,5.8,10.9,работает,899,17,4,2023-08-30,2024-08-29,7
Line 986,48.9,5.1,9.5,работает,1271,15,4,2023-01-01,2024-01-01,3
Line 987,45.1,6.0,11.3,работает,858,14,4,2023-05-07,2024-05-06,6
Line 988,47.9,5.7,11.1,работает,1115,11,4,2024-01-15,2025-01-14,7
Line 989,57.2,5.4,10.9,работает,1340,12,4,2023-07-29,2024-07-28,5
Line 990,46.4,5.2,11.6,работает,1185,9,4,2023-02-05,2024-02-05,4
Line 991,57.0,5.2,11.8,работает,1154,6,4,2023-03-11,2024-03-10,4
Line 992,50.0,4.7,9.6,работает,1072,19,4,2023-05-03,2024-05-02,3
Line 993,56.3,4.9,11.6,работает,969,18,4,2023-01-19,2024-01-19,5
Line 994,55.4,5.3,11.4,работает,842,9,4,2023-10-24,2024-10-23,7
Line 995,50.1,5.5,10.0,работает,1235,15,4,2023-06-19,2024-06-18,4
Line 996,55.2,6.0,10.3,работает,902,10,4,2024-03-16,2025-03-16,7
Line 997,57.3,5.6,11.6,работает,811,6,4,2024-07-14,2025-07-14,3
Line 998,58.5,5.9,11.7,работает,1124,17,4,2023-06-28,2024-06-27,5
Line 999,59.7,5.9,10.9,работает,1208,12,4,2024-02-11,2025-02-10,6
Line 1000,47.9,5.9,10.9,работает,1001,7,4,2024-06-06,2025-06-06,5
