lineid,detailid
245,9779
4715,3257
3834,7709
6205,1838
5883,4002
8606,4181
9702,3589
8770,7029
351,3466
9814,1063
3964,7674
8700,2503
8624,3713
9844,676
5790,7867
3510,270
1708,1868
5144,522
2822,5531
7134,5805
7748,3224
7498,9236
5490,8514
8993,4189
5357,2737
9765,4705
6492,7506
2293,7109
8026,8574
2997,809
7813,882
445,8096
1885,3113
997,436
8371,355
566,9783
2672,4661
8040,2470
9905,3409
7534,649
4946,3287
4120,3474
1952,3288
8800,1700
4868,5848
1602,5390
9943,9528
4178,971
3515,7043
5590,6772
9532,1097
2455,2862
2458,9283
2341,7715
2614,3380
7951,8292
4809,7604
881,2597
8550,478
9754,5347
3114,7867
948,1375
6851,740
9989,1952
6410,5464
1069,9478
8268,7181
8211,4395
8333,1123
1753,9881
4620,4177
4253,2663
1474,1835
8447,8055
6529,2153
8361,4376
140,5487
7616,1253
5503,1003
9274,6292
8998,9097
9893,2365
6056,886
9930,6862
48,2636
3814,1165
237,1111
1849,1833
6267,6475
8397,6140
8166,2006
8546,5445
4028,1390
6248,9616
9868,6105
2093,5347
315,9517
8202,9055
8772,540
2288,9235
1280,5244
8590,2455
4834,8320
1246,7811
8720,1518
4936,3349
7472,6176
3727,3505
9532,1581
1992,8311
7945,5053
9576,3610
6391,6258
7535,8861
5037,2613
761,1996
3985,8873
4315,642
593,3617
636,3987
9934,2271
3361,5784
5973,3237
1050,823
7464,929
561,8768
5311,3761
5688,3519
9545,180
8822,7958
1399,9315
164,4113
2681,2763
5372,2724
7949,1388
63,3280
2776,5215
4321,8162
9739,8569
8588,9188
1721,4118
2101,9772
420,7193
4896,7575
9044,4220
3187,9660
4517,116
7932,8510
9795,3630
1949,6870
8244,9765
8616,4941
5023,4125
3278,6257
4515,9051
1953,9500
8023,9042
6405,9000
483,954
9526,4381
2081,5484
5976,1949
525,4105
4298,3805
6545,8256
2732,3199
7622,3221
9879,2927
3418,6681
7191,4203
2099,519
6942,4630
1274,8515
5418,9619
6426,9180
2830,8847
8692,8211
9829,1241
9314,9197
1038,21
542,9239
9150,6322
2347,4943
924,673
4795,7132
3998,8774
440,6747
4549,17
1532,6945
8836,1961
147,2967
1024,7441
5704,1732
4983,1935
2832,1201
9127,3305
2532,7059
8263,9912
7141,652
4274,6090
98,4953
1309,3116
3149,9135
4974,8918
7555,413
5246,480
5174,8225
1752,5793
7182,2531
6101,6629
4642,6085
393,8082
3540,8848
4321,2243
2270,656
1972,8132
7410,8666
7023,4056
1259,3766
8043,7118
8243,1056
5168,2115
1988,8527
7733,9292
9051,8813
3051,3328
9293,6360
9002,2212
4174,4825
2696,2871
3513,7294
6398,8555
2522,3738
4763,6617
2122,1818
4417,1779
7502,3128
4262,6106
2416,1999
4126,9480
1784,2725
3786,5359
3693,701
5205,4225
7878,7027
4337,8616
2553,5158
987,7750
5932,2753
2248,6737
5350,6306
4522,9830
7468,2204
1172,4534
5153,773
5928,4970
2779,5326
346,1459
2374,7492
8165,3943
5897,6825
5754,8237
40,9525
8104,5690
8314,1070
8651,8303
1292,6706
3439,8526
4163,6342
5598,2476
1976,9553
7502,6753
6201,1988
5889,8546
87,8001
2981,4386
1861,6341
3039,8003
3232,5954
3337,1052
9797,5704
1776,3493
8479,7674
610,9210
5195,3641
5381,384
3061,8701
8906,6435
7982,8036
6726,5192
7916,9668
3592,2446
2821,4518
1617,1635
381,8074
7404,9493
3622,7950
5473,8725
239,2248
2035,6763
4509,805
4364,5820
1129,9401
5883,3641
9018,381
6719,6128
764,2106
1134,2282
3341,8583
4836,5522
6105,4858
1383,1939
1732,6065
3702,4280
3325,6279
4106,2643
7438,2149
6681,6896
5334,3439
1999,3376
6085,7774
1446,8825
4674,2346
3165,1079
6413,2651
7345,7061
1588,2758
7064,8997
7933,7231
3867,6949
9215,1662
2869,1431
9703,662
3290,1195
8376,2324
499,6214
8537,3144
4063,4565
1941,8925
3109,1793
7722,6351
3660,6511
6177,7376
9821,4222
3192,2730
6862,2194
1509,6908
8510,166
172,463
999,9775
7668,3755
6425,7562
9875,1196
1997,9062
8836,2258
7726,6887
9789,1358
59,3188
6508,4069
6807,430
6965,1770
2003,2168
5129,5504
483,2432
8210,6182
6886,8307
4212,5280
4098,5932
768,5984
3275,6124
3493,3314
8756,6062
9962,5342
4145,796
7491,7370
820,7571
7059,506
9199,7800
7800,3924
6953,5974
3225,3270
3111,5649
5785,1765
1177,3415
5843,8122
9590,8624
3210,932
9462,5177
5432,7999
79,8512
8723,8221
2223,4399
8804,4682
3415,1566
7952,7849
7398,2079
6396,8685
8750,1413
3519,8039
7796,6555
577,1814
9647,1143
6173,8118
2497,1117
7321,7201
1798,3065
9900,4706
7453,7320
7689,915
2720,142
4349,6695
2816,2819
7893,193
8557,2159
1000,6468
7344,1671
6557,7448
4265,5240
5283,6721
2124,9129
5738,8284
3121,5791
7219,7045
5804,421
9250,8165
5410,5220
1531,5996
7296,1492
1596,2678
4187,7693
8211,8961
3249,994
2042,1718
1761,7626
1940,3656
2616,3710
6464,9219
2152,9433
8048,9613
2626,8535
8089,3235
4543,508
396,8932
8348,5152
9769,5552
6384,1238
2201,1603
1067,1408
3424,9225
2852,8245
5397,4705
3239,23
305,9460
3884,3962
1778,4654
2640,4124
9412,1760
5819,7323
8623,9413
1810,176
1670,2088
7010,9220
4078,7884
7657,3554
7507,6239
7046,5615
3505,7433
9019,7319
5880,257
2182,5538
3054,9897
9408,1358
5466,6804
5414,6348
3334,4060
1914,9924
4947,5421
5138,1754
3725,9580
9475,7720
2383,4481
8735,3480
5734,2539
1417,8071
7399,6534
434,6325
7103,7475
1628,118
8247,8092
310,6518
8961,265
361,6749
6848,9814
1082,8697
3921,2177
8060,8387
8119,3103
2547,8911
9722,6486
909,5507
5597,9973
7844,8991
8816,3940
717,4519
2904,288
8865,6047
5945,4011
4157,7493
9570,615
7646,5485
6867,3532
5678,5653
1787,7587
4946,9639
944,482
9982,6975
4688,484
1548,1185
9285,1385
1767,5430
2837,7818
7212,7889
5875,9321
1617,4402
3475,1430
6897,4350
7955,1517
2910,2146
2870,761
4277,6218
8609,9854
3179,1516
6336,5185
6422,41
3083,7177
3874,4000
1838,1001
2489,1227
1924,9820
1986,2296
6583,7169
3560,2268
3885,4014
435,7936
1295,8831
4927,2176
2408,5439
5933,9275
6129,2505
9394,7168
3520,2317
7893,7711
4667,4171
9944,2616
6685,3137
8751,8230
3677,3203
2935,4552
6135,4656
4008,6457
9739,7324
1809,4706
6829,9911
7424,4873
8591,549
4962,4240
3652,113
6647,9153
2874,3000
3794,6878
5728,2467
1354,6233
7464,515
8535,8238
6460,4079
9345,873
6480,1513
5878,3165
7073,8443
2039,3074
6913,2563
8284,5623
4803,1830
6874,2083
2091,5866
9357,5020
5188,4300
9015,6717
5130,2080
9149,3041
8882,7127
88,8642
4708,6817
8199,1206
1789,5420
5335,3946
6405,4385
5207,499
4544,8786
2004,6513
9806,9848
3261,4792
9288,9922
5938,2640
6636,7637
70,7662
8272,1317
4987,4781
2631,9765
8739,1951
1998,3436
6583,311
8589,4636
5012,4316
3566,5549
3432,365
3671,647
2482,9147
6366,7897
7897,6745
2768,4751
1990,5652
3657,6081
7879,9091
6608,3000
1332,9624
4536,8938
7411,1109
6071,8659
917,6083
5433,5635
4428,1124
5524,569
4553,6259
7056,2759
309,8600
2680,2958
1159,368
9994,611
4615,169
313,7029
1427,6720
7762,6533
5391,3544
1994,8753
8517,3433
7541,2629
1409,5390
4643,8754
8851,8153
1893,6900
7722,8339
2720,5366
7140,8886
1894,4092
8478,8322
5887,7279
8039,9443
7733,5724
4904,9697
7948,9813
5704,6111
1024,974
3253,4819
2742,4603
5209,5085
8598,1678
9909,5212
2261,7942
7265,7955
7750,7475
1671,943
2935,2150
6333,8914
285,8340
1603,6666
5859,5059
6580,4590
9042,1052
2123,1188
5228,2452
2251,8284
3891,8610
7509,4272
437,5886
3657,9840
9154,6339
7962,2527
5133,121
4472,6791
6967,2905
129,522
2608,5259
6115,2396
3938,670
2403,8533
6336,7239
415,8692
3271,8986
1894,1193
8960,9627
6322,8738
2387,2294
3831,6061
2064,6219
8338,8008
3197,8929
649,2335
900,6118
5277,9002
7993,2348
6718,2443
8870,4607
3511,4551
9142,6234
928,4086
1941,7438
9164,1526
8006,1011
3496,9346
4838,6043
8652,7767
7625,1548
6078,6139
7594,1969
3017,9348
1818,393
4703,7575
3866,9559
8047,6381
8572,604
633,2633
5514,9480
1477,5469
1437,4350
7591,7269
893,2974
8568,8483
4860,1493
8323,6437
5031,8959
7263,4
5938,1298
9159,2242
6781,526
7622,876
5407,7260
2535,1774
3565,5029
6433,4623
8140,4185
980,8167
6864,9276
5840,7263
577,4286
5351,4066
5650,198
2942,2542
8160,6271
3322,2763
1367,7300
1231,2272
4708,9329
1296,8817
8870,5909
6912,2564
5379,5104
5928,4343
3794,7188
3988,8222
6997,8758
1608,3198
5345,3241
8094,174
982,5890
8977,4170
1950,5298
1619,6181
5048,1153
3231,3934
3103,9118
9622,2107
3056,8777
8956,8433
412,4461
3968,9825
3180,8843
4138,1871
666,5280
2694,7149
8745,9418
472,3694
4500,1994
7051,1652
673,974
4965,5706
4757,2559
397,2059
1768,4853
1584,831
5995,8961
9051,8791
1291,471
3134,2846
4438,1237
353,6338
2617,4771
831,2701
6755,4929
1106,6841
1512,3328
9994,1726
6845,887
7896,7234
2132,3975
7324,8469
6156,1079
4564,6
6327,8774
106,166
4596,8360
2108,2800
9981,8819
7619,1183
6304,9544
5924,2907
769,4159
5294,2511
3855,4686
2079,9454
147,7293
1898,8359
5188,2758
6275,9028
2531,8797
3692,6614
8511,9843
487,3951
2262,5603
1450,9889
3965,7675
5522,7707
8012,2282
651,6274
2253,3339
4606,9923
6480,7447
4890,3037
5857,6007
1576,5046
313,802
98,877
1006,7670
8071,2633
5820,4139
8948,4892
6230,9901
3804,2775
3778,1554
1,4327
4209,8422
8089,4084
4592,5450
5810,6016
9731,7866
2445,6784
1409,5929
3455,527
3249,4071
3841,3717
3392,1639
4319,9906
4231,3606
6700,5477
6825,1685
7157,5164
4605,9711
4615,8184
8970,4893
1830,216
9300,4539
855,8911
3866,6110
788,5474
7491,3239
8521,8938
2646,8063
2861,7988
5225,7325
3215,9977
3177,3040
1016,1810
4854,8092
836,6309
7226,1857
1450,3728
400,2975
7941,6269
5262,3164
8271,3700
986,103
9802,296
6488,1110
9425,346
7837,735
4476,5638
288,9860
2294,6978
3458,2622
4244,5251
6842,820
1389,5825
295,3568
3798,475
4111,1689
4212,5713
2529,846
5297,4703
6706,8809
5825,2644
3065,2812
5239,8670
2557,1847
2079,9133
3810,421
5731,8314
9507,5087
2444,105
2056,1686
9673,3578
1639,6767
9719,1479
7274,756
5807,9477
7510,9334
7725,2089
2014,7058
9693,1463
8943,3180
4323,2524
3261,4915
4477,4654
5564,4242
3377,3814
1479,6899
1374,1221
925,1129
467,8653
4316,2750
2396,4881
6539,1411
9878,9995
4844,8275
4312,7596
6413,5099
771,2769
8183,1748
8210,3837
9445,8773
6983,3414
6563,842
9171,5272
9553,5337
513,2181
4606,3091
5102,5887
9828,4229
5941,3195
839,7720
2998,4410
8899,9135
6141,3714
6380,5982
652,4632
578,6632
2417,9797
7312,8177
5614,5954
8826,5358
6214,6444
5519,5128
7814,2911
290,981
3647,3543
8514,6520
7008,6719
5370,2561
2591,8866
4979,2410
6429,2316
2592,2860
9190,5756
3519,7680
6775,6107
2749,4729
1622,3756
7141,2000
5427,3216
8591,3626
3768,3136
4595,3588
5756,7592
2855,5835
3835,9498
9165,7281
1908,70
2152,430
9887,8205
909,3712
6934,8732
6593,6224
1049,3197
5469,6717
25,3665
1482,4284
9375,2782
1520,3987
3839,8277
8796,7535
4496,6332
798,5988
7322,7686
496,9033
6964,7978
183,2157
246,227
4671,8026
5285,3230
2632,5510
4712,3368
3289,2104
8288,8418
5268,7198
4803,2934
2530,480
5195,3458
4923,2770
1757,4465
3608,8916
5033,3130
695,3392
9301,594
2231,5287
3143,4386
8175,4461
3576,5665
1707,5812
7775,5510
860,692
8587,204
6584,2566
4400,8034
4161,5537
2471,7376
6342,8402
7278,3657
7254,1085
8083,4579
6319,53
8098,952
6281,3733
250,3099
1081,287
7139,5713
5191,1595
5404,4857
8909,2362
4831,4995
1052,754
549,6549
6619,4896
8668,9591
5741,8828
6918,762
3210,1420
1092,826
2726,9709
81,7612
8049,1854
6089,4852
1890,4189
5377,9719
7051,9104
8202,8485
9009,1374
232,318
4376,6872
3233,212
1309,881
3153,6376
5488,1040
8729,7332
331,3185
1423,7584
2700,917
4616,4265
5799,8028
5654,9596
6318,6378
1855,8409
5542,495
8145,2558
5165,279
3735,1483
7843,9612
2043,9628
9419,4224
2504,1621
6528,4875
98,4007
1581,3861
6486,2929
2293,2606
3640,9998
7138,9530
1162,4631
5511,9668
9983,2990
4764,5718
3365,7026
8456,8499
7348,1123
5097,7813
5959,7091
7671,581
3381,8431
527,4305
6721,2947
2321,8976
912,2655
8680,7160
4067,3511
3656,6680
7594,3744
5008,2816
708,4582
9417,4686
8734,6642
4451,7823
6650,9833
6213,4877
7109,9593
6722,4983
5273,7931
5517,4127
7332,9638
9228,2949
8321,8166
5258,8562
5941,9787
3508,6149
3847,7564
4863,8935
9503,6042
8966,6103
3830,3167
8632,6752
1329,2017
3930,3519
1358,4704
3909,198
6691,48
9806,6201
2795,3624
7206,9768
2750,2161
6077,8456
9549,6804
9968,9646
1842,8173
9162,4594
2875,8464
1591,9988
1,4558
1255,9544
3398,9673
2039,2944
8157,4220
3162,8642
9521,4648
9051,5665
3013,8519
5668,6608
7652,4758
9959,1841
8247,8351
9239,4898
2368,4553
4900,5689
1493,5521
2148,3237
8369,9630
439,9264
3034,5316
8410,7941
110,7776
7114,5698
2888,14
7664,5347
5440,7252
4233,1560
4059,212
9386,4436
5071,215
6108,4907
5977,7605
2217,8827
3981,2507
1273,7975
6879,3212
9749,7642
7218,2678
4613,2491
6266,8647
6607,2790
8348,8352
8441,1898
4442,4070
7691,3127
2423,7619
809,6824
8859,839
2871,3056
3831,9285
7559,5573
2103,9600
9338,2042
5093,9894
7294,4366
7636,9728
8973,1126
9100,7354
5584,8936
5221,1677
5174,7789
5355,4417
5931,1315
258,4856
1937,4585
7591,802
901,4962
2381,5299
4750,1045
1947,348
2732,9663
9547,8689
8425,1378
2482,5058
3631,7776
8568,9011
3107,8530
2207,8502
8836,8533
5462,8313
7358,8794
1028,9059
6236,3240
9219,2821
4853,8205
3917,4319
5446,4518
3564,4689
4400,7176
9556,7317
2873,2068
7993,9426
4984,7641
4686,5998
1276,2866
5808,2426
799,9128
9660,2190
2313,2899
444,40
6708,8015
3427,4576
6367,9708
8490,4001
5140,5121
3941,367
420,9482
4250,3337
2369,2390
4509,3039
6193,3112
4887,5843
200,30
7496,7465
6575,6331
1544,708
4205,8640
2538,8736
5707,8736
4423,5601
1794,4266
4105,4797
8363,6232
1081,4101
895,9832
4615,1112
5258,2201
303,1326
497,374
4325,3982
8874,1725
5358,6754
6812,5641
263,3590
1021,8143
5909,3595
6988,619
3593,4706
269,4832
9460,6400
4892,3985
3448,6045
1951,5798
6448,4812
7876,2744
1265,9937
7502,8424
7055,3534
3467,7226
9955,3346
9714,2237
1813,4558
4526,4803
9735,8712
7925,1818
6814,9191
3414,9736
4715,245
47,824
9943,2181
6753,4522
4177,7214
1617,3535
7356,1782
1468,1197
8799,4947
4243,3818
6528,9507
6416,4836
9931,8250
2685,4315
1303,6499
8094,1896
2581,5426
7221,6963
3139,4899
9266,1565
1700,7074
7455,9264
8472,2229
7938,8186
2160,7732
761,8286
3457,5181
6081,3166
6297,2269
4399,924
5755,9799
8785,7240
8725,8946
2410,1878
9709,980
2713,3636
2513,1067
2750,9116
4725,9432
9752,9163
2302,8202
4836,6267
1904,5160
25,5077
4812,1443
9166,8810
632,5260
6490,3199
7329,9138
1002,7688
6563,9864
2330,6436
1375,7933
3295,177
509,9741
153,8645
8766,1871
2744,6490
7064,8803
7742,8489
5151,1259
7045,6346
3172,7425
8642,6036
273,2065
8961,9694
6005,8001
2872,5443
7825,7440
5583,4336
6364,2686
1923,8677
7804,1904
5242,7978
1756,5302
3595,9221
419,1072
4665,5459
6671,6778
4639,6453
1167,1460
8512,7094
9095,5200
1836,9203
3639,6258
1774,1909
9947,47
1977,282
5531,9249
7680,6978
175,1880
1967,9134
245,2353
9381,309
6853,3264
5556,153
2018,3437
7136,9968
4478,9918
2303,8036
6207,608
1456,9857
7127,1517
5903,9013
115,6151
7964,442
4079,235
9423,3874
3168,7962
6196,9531
392,9354
8411,9011
9287,14
7186,3036
634,5440
9197,5453
87,2827
3815,835
9381,1369
9480,5024
8334,6512
8983,2528
1882,3670
8024,9733
5820,4935
3483,7421
9111,7372
7225,3149
81,3655
5084,9216
6156,4103
4437,5204
1648,470
2820,691
78,9544
4144,2178
3526,3297
50,3295
9971,4739
5762,8084
7826,7395
9829,9759
402,5403
1806,9
2487,5591
9612,605
3972,2108
4839,1693
2249,5948
4071,1821
4265,9005
9523,1021
5514,519
139,3488
4488,6310
5097,1170
8059,8276
5298,3146
9570,1776
5060,9919
201,3585
612,150
2680,2909
615,6342
5121,9111
6877,6320
3243,9896
6325,1148
5373,5131
3227,2489
2098,7593
8405,3143
5316,9966
1760,4565
1870,8409
7654,9102
5295,7399
1289,8363
2048,2524
3482,8084
4371,7428
5586,8285
5486,4900
8287,7473
2532,1819
1976,5802
3760,7045
8834,3670
4025,146
3810,5176
3904,6501
6212,5529
4484,431
2639,7809
4855,9234
3124,2899
4606,9927
1285,6564
3446,4081
7950,6252
6429,1447
5555,4626
9875,6976
9723,9322
8945,2612
6259,4944
6058,753
3662,1383
6819,5052
3538,3791
3885,9268
7085,970
1550,5936
6424,7640
9982,7452
5680,1746
6833,3903
6869,3597
2171,6256
8587,2005
8941,3257
9917,5229
4962,6569
5564,2702
6873,5409
8349,6499
2996,9227
3791,1096
8653,4961
108,5948
7766,3411
240,654
4892,7678
4372,5693
234,1105
715,9285
3132,8226
6255,6649
3787,3956
4311,8571
3110,1004
8684,1133
5072,6454
428,4209
2904,4282
572,9098
6161,2705
8390,6779
2616,9248
2831,4972
7292,9018
4711,2247
4165,2451
326,936
1272,9445
7299,4712
1244,5182
1526,8278
9279,5601
6650,8467
9649,179
8179,6451
9505,8802
300,7299
3289,538
363,2400
3036,9928
9447,1886
8440,7431
1150,3453
3094,2699
3498,3048
330,5148
722,8641
1754,4358
7924,3084
803,8714
3122,2653
3829,9456
7741,869
1196,2000
5485,6986
6027,2839
9909,7178
2330,3363
9525,5495
9957,5677
600,6032
4320,2230
8910,1960
9524,3580
6734,5037
6199,5696
691,5103
7260,6315
7332,8406
1979,8394
7817,756
4231,9476
4704,9925
7401,7193
1986,6303
477,6985
7679,8635
9778,8950
8047,4830
7486,5022
435,9728
815,9195
1882,3738
1018,5619
1307,7708
8878,8141
2978,3826
3678,9650
201,4579
221,1259
4023,7618
2197,9613
3308,3408
3823,4002
8196,9396
9187,9542
3201,9617
5271,2815
2368,7630
3201,5416
8879,758
2511,768
2125,7643
489,2134
5296,8995
6550,7040
4062,3237
500,8150
7939,9447
5320,4141
5602,7237
5485,7
2589,2795
9134,9800
8699,7630
1440,5217
2381,7195
2393,4317
4872,6839
4203,2314
434,5931
5561,7357
3935,2499
4521,2825
5202,7653
4516,4467
5166,3795
207,7874
5472,2818
8014,7123
3898,338
9,2907
7029,4772
8627,412
7777,4177
7078,8606
4454,9601
7016,9714
6715,2138
1514,39
2824,3348
4585,5856
4500,9195
8373,1700
4568,9824
9627,2448
210,6953
7915,2542
4190,1570
5318,3411
1116,7698
8910,4793
5446,8292
9541,3842
3211,2683
6853,7333
5645,4974
1527,2021
7129,34
319,3863
6810,9851
6762,4670
9702,5372
6913,638
7707,7100
1055,3379
6506,1748
4061,2974
320,7885
9372,2464
2450,905
2479,6561
7682,102
772,2798
3554,174
7666,8496
715,3984
6088,2403
3476,3223
6297,2742
6371,2691
3356,5787
8130,5338
9904,3678
6234,3396
6729,1123
8604,498
2528,8264
8686,79
8904,9835
3883,6886
8324,629
4442,168
7114,9043
281,6738
9272,7723
3382,8297
3585,6899
4863,9502
7165,4255
2693,4517
2612,1145
7295,5533
1452,8168
6703,7644
5466,612
5984,1541
3974,7125
7413,7511
5023,2028
7287,2676
6495,5628
4862,4783
8191,4772
1643,7
3044,7605
4628,7999
3718,5334
490,7612
9246,3627
4841,4616
9445,309
2867,6925
8552,1260
1074,8077
5229,6684
8149,3499
1816,1103
5355,9038
9333,3286
4150,8640
8736,1081
5267,294
1989,4966
6706,3983
4199,130
3164,4115
4167,363
3735,6856
8561,2662
999,5395
780,4045
7726,5769
1485,9984
219,3254
1342,5734
611,2546
2653,2098
8232,7297
7301,3001
7643,9117
5530,8867
6691,4240
8495,9333
2371,5539
8107,8699
1415,7831
9593,3869
4265,497
369,2087
3259,9613
7916,6135
366,3021
9011,1383
9878,7384
856,8254
2194,5209
7065,5218
800,4646
4346,7373
1063,7500
7039,7380
1707,4569
1865,9356
1285,8781
3460,2032
6512,5419
1317,9487
8929,684
9071,9664
5024,8641
4604,8018
1185,6564
3897,5187
4884,3642
9297,1753
7481,9603
1679,9058
9382,5998
1536,1839
5811,6890
2912,5731
8146,3577
1234,5409
8211,2474
2698,9451
9570,6234
8940,3852
2498,4630
7377,4005
5721,9104
7844,6100
3311,8567
4048,4430
6606,9497
3060,4555
5909,8108
7232,8202
4694,7022
5934,9333
3271,4738
1418,1675
4212,337
6854,6300
2248,3593
8664,2348
1630,8913
2227,9132
652,9497
9070,4204
2074,1198
7614,4712
8844,4386
3152,5433
4463,2026
3613,5791
108,6071
8363,9940
8124,3242
6935,1162
4543,3712
2965,8990
2860,2292
8919,7125
7495,4882
1368,6526
2851,2408
385,8944
5371,4739
3798,7126
4414,1733
6571,7651
812,1060
2147,2248
9891,6359
1185,7758
1409,3036
3172,3402
5452,2368
5329,9882
9553,7303
8154,8611
8629,4703
5580,9198
4081,6367
7190,2448
8229,568
6320,1774
7500,8272
4387,6824
2844,2297
3692,8285
4067,5193
2995,1904
8964,4400
367,8415
3017,2188
7829,8447
5506,7155
5487,4927
9186,7896
5385,9080
5507,5808
695,552
3636,890
1475,5847
6536,6889
566,6265
8088,5116
8605,4588
8926,9369
5693,2672
874,6502
3716,6669
6551,3871
1100,5273
6586,6080
3076,4996
519,7213
9583,5330
8060,4128
1556,5260
9560,3360
9617,9758
2551,5296
3194,9832
383,9540
2559,2905
6327,2298
6174,4005
8213,1862
3693,4820
8632,6919
1583,4087
5768,119
676,902
9108,4404
4793,5138
4569,9860
3046,4191
6444,604
2173,6023
4659,5552
8537,2107
8977,393
1514,4337
7028,6667
5607,817
4641,4865
8037,4386
9448,688
2073,9175
9556,2436
2854,5310
11,9910
3046,7695
17,2262
4801,9176
2334,1524
3204,7759
5854,4952
8080,6540
7127,795
516,8217
7221,9061
8284,7767
7723,7959
1670,662
2869,3201
1126,7917
6585,1909
3431,2675
9616,7159
5232,9520
8184,9522
712,2386
1655,798
500,6408
3234,589
3177,8457
6742,809
6293,3952
5216,8758
5432,7070
2739,4030
4012,9487
6063,228
3220,3845
7972,6606
9777,2273
1494,2543
5501,5857
5158,5491
4666,4763
5581,7543
3081,6884
1219,8202
8815,7002
7244,6052
2569,8429
421,9390
470,4327
9124,6710
2992,3284
8432,7651
7750,383
6182,4097
1558,6742
3786,8928
3411,5604
2514,7308
3046,4688
5699,4394
7201,8691
4892,2608
3390,2512
6206,5659
7885,5388
6282,2005
8910,4098
3249,8925
8261,1208
8938,7085
3735,187
458,9699
9207,4735
8951,4809
5079,8742
9265,8648
245,5619
3170,7770
5288,450
7521,5003
7378,7398
90,83
2338,8371
7684,271
2149,1036
4029,2512
8872,4866
8094,5538
6569,3738
7949,2905
380,1764
2982,6608
877,8168
4487,8170
2808,6980
8069,9093
2658,5235
1049,546
990,1171
5893,9992
3240,3870
7925,8856
8742,9078
9325,9170
5176,5655
1260,6135
2870,8208
356,2201
6775,436
5799,6048
269,3710
5772,7342
8657,8603
7998,9455
4765,5010
9371,547
8201,5125
6181,1885
6774,2399
48,8851
9270,1892
3900,1004
7113,4982
3749,8190
8742,6876
3172,450
6436,44
7177,5677
7933,5660
3721,2880
5517,9610
5269,1631
4175,2003
5114,9570
916,4702
7633,6832
9166,2077
8441,4790
5335,7997
2967,9443
7081,5043
4813,5148
6177,3590
7134,3886
8899,7102
6342,5872
392,1211
6919,7610
534,5990
4567,4863
9448,9495
8476,3966
7903,4333
5337,2566
2295,5788
569,5947
3031,2675
8885,3087
5454,9503
2102,6561
6374,1515
2351,1869
4073,8384
9129,8853
4179,4121
8950,9110
395,8921
2201,5722
6828,2890
7698,3941
383,9032
2245,1069
5940,5316
5695,6717
1939,4934
7522,4883
3917,3010
6460,2090
4503,4302
7495,1259
8840,6067
1920,1659
4402,7145
1302,2549
8358,4108
699,4205
988,2093
1172,2439
7374,6567
118,6145
6654,9395
1305,982
1903,8027
6369,6230
727,6869
1381,7393
8812,8112
5144,26
3091,3991
6838,6708
1903,4994
8773,5905
83,3047
5623,6561
7166,8910
9754,3791
2829,729
6966,8327
6580,8520
8701,9119
1297,6059
1118,5828
1047,9331
5584,5788
4588,1097
9932,535
685,1287
3054,3183
7840,9204
1832,3141
2840,716
7005,7356
2175,3709
1244,6354
8300,7913
4174,6597
2622,2479
2338,734
3265,9001
2384,9252
6424,9296
9187,9399
987,541
6561,7352
1263,3334
7513,8967
326,4444
6227,767
3145,7071
4857,6748
5165,2434
7097,1589
7993,7096
2850,6399
5931,9255
4836,2380
8647,2372
8225,5352
3958,4097
8755,1151
2153,3963
7748,7413
3830,2865
227,3539
5175,2977
6230,1078
6366,673
8262,2157
4196,6076
8700,7981
4675,5256
6860,2642
8245,3910
3642,1703
8461,2488
796,3588
6532,6748
6709,6152
4950,6134
1708,6299
4829,3629
1274,1348
5355,9337
3968,331
4994,8806
1951,543
9774,4984
4987,9584
6334,8840
1683,9625
7951,9448
4424,4748
9157,4527
3137,3557
2997,3254
7734,7878
103,3607
7475,9869
8129,6192
2790,2668
1417,6392
1391,1007
491,7395
9367,8659
9402,3018
7027,7198
5026,2988
8228,1704
1371,5458
1658,304
713,7444
8175,5261
5656,122
6470,635
6934,7680
7617,2755
7235,6854
8254,9691
9562,2374
7362,9295
2739,757
5260,832
4337,7731
450,6697
2544,4453
7992,8644
7906,4928
6858,6234
4897,4806
392,4891
1918,3883
9607,925
1353,4111
3134,1407
8932,1281
7550,6205
7951,133
1638,567
5235,1539
5686,14
5730,5948
3697,1520
6339,5009
1626,8326
5931,5443
1901,9019
6135,7165
8334,2759
6071,2979
2715,5782
2789,3745
542,3266
3694,175
8986,3853
7162,9893
39,6321
9054,8454
8866,6188
5884,3503
4762,6580
6897,7343
8905,1649
5498,1252
418,7522
9673,9105
3145,1515
7074,7915
343,7873
3765,8578
2056,3722
8315,2988
6612,6837
4800,3546
1506,3026
4134,4365
6875,2457
636,2352
97,2074
6239,3973
2748,953
1559,9453
5769,5744
4724,6301
5276,7797
2535,3060
4897,6229
4279,8102
2280,4756
5440,7676
4899,4060
8473,204
1430,3502
3107,189
1073,2218
9531,6675
8591,7514
6915,5316
3503,5558
3019,7660
5765,9543
1000,8011
4468,7112
4587,5077
8238,2902
1920,5244
8069,3847
5930,2413
3764,2071
5035,8916
1540,8635
6149,8607
5313,5891
4714,3088
9356,793
1213,9408
2426,5466
8665,2602
2378,56
9119,4758
6331,4864
118,6697
9574,3581
665,7095
5396,4061
6682,7013
1868,3862
548,4709
761,5756
9453,6445
6535,843
1223,3343
82,5175
5742,4590
4366,8245
1909,8222
3528,9132
3399,4817
5086,8571
7946,1925
6874,2645
7321,8289
7932,1761
733,1614
710,2650
4778,9623
7072,6272
7980,8110
6767,9837
5750,5060
5118,5786
5381,8640
5981,1465
8704,9043
1210,9244
2688,8983
5014,8294
7750,3339
854,3718
3207,9319
5182,3677
2006,1715
356,472
6708,3901
7174,1193
9453,4364
7885,3914
3191,3309
2267,4910
3385,8507
4619,5442
7397,6045
509,8500
5767,8918
3298,6818
2732,8127
2918,935
803,8452
973,498
3911,2322
7364,9022
1719,5980
2825,3861
3616,9086
2881,8866
5087,5668
8648,9161
4985,5620
6883,1515
9011,582
1714,9019
8049,3877
1447,8675
3434,2104
4043,3417
8372,5321
6598,565
6363,8804
8058,9066
544,6363
7328,7500
1005,4543
3751,764
3847,2687
490,2636
6522,6878
5665,5500
5780,3501
9545,1162
2934,2168
5046,6394
6968,5652
2023,3479
525,8228
3491,4193
896,7875
6670,9112
9512,7522
4567,9550
3311,4262
9183,8515
4608,691
246,3565
7725,7442
2942,5856
8669,9462
8630,1657
8320,2892
5059,9194
7998,2841
4634,3309
3681,1994
1680,2214
3960,7007
1291,6805
6878,6001
2546,379
6869,1980
2192,9192
4019,7358
8134,3826
733,8648
2980,1250
1046,9633
7508,102
6503,6962
945,8238
665,3525
6100,836
7693,821
8095,2787
2186,3082
7595,8099
2377,169
860,6366
5022,5124
4134,2218
7565,757
1630,6247
7688,1093
1998,9154
8407,2012
4658,9802
8438,4065
6999,3500
8089,6806
4741,4323
8526,5346
1767,9901
616,6090
9317,4155
5180,4370
4760,3784
6589,4275
1613,4738
279,8656
9111,3232
5518,6580
722,3749
7372,1651
1420,5777
8626,2436
8670,8370
4837,4152
8247,1851
7204,8456
2087,8980
4738,9808
2255,2377
5068,6236
6331,3872
7520,3737
4445,4796
7234,7315
5025,1170
5525,9895
304,9773
3776,8084
1371,4050
4949,808
2103,7877
2702,2315
9993,9110
6480,144
8942,6469
693,6552
7176,8478
1254,3879
9827,7091
1439,7833
2148,6078
2163,6881
7999,7010
8465,6517
6625,3127
3731,2312
1394,9524
4699,6675
980,9655
3941,7262
2742,4723
7285,2126
9778,3829
3816,3066
799,9728
4588,5797
1093,5516
9579,1670
3876,6729
6756,7380
404,46
9753,9370
7948,7021
348,4315
5399,2454
9401,3734
3445,8613
3862,1842
2700,8230
9190,518
2345,3572
6562,8453
8773,3613
5581,9520
8065,5741
6506,2896
7251,6985
1523,2188
6745,2912
3021,9224
2235,6854
9041,3549
9211,8161
5391,6363
3676,2510
5627,483
1564,9544
3059,8698
2639,8112
4535,6378
1825,3169
65,6484
9015,9683
5319,8180
4897,8191
6802,8034
2889,3793
2364,710
4726,8080
1397,1675
8169,1489
9015,6650
4650,4823
5122,9477
9761,7931
9406,9689
3167,1936
175,586
1119,1852
1743,4648
4943,2308
4478,2437
66,7180
6038,6187
6112,8122
7889,2761
4408,163
8224,8901
5562,7426
1894,1555
6152,6208
4328,1631
9586,2049
9885,2611
7695,2895
4360,4818
8775,7957
2956,9229
7104,5874
8668,9817
1049,9047
8566,9540
9194,4679
9168,5673
3841,991
2337,2017
4162,9448
6075,7129
3248,5321
1696,1203
7480,9507
9362,9861
5852,2361
7997,7030
2517,8485
6547,708
6295,8300
9363,1869
8434,1140
667,472
8019,2847
4410,5470
4974,3297
4088,1218
700,5264
5218,3657
6905,9168
2437,2490
9532,9639
4659,9557
3236,7539
5318,4009
5942,6842
2279,2547
9225,2285
6934,5375
3806,6608
6636,3503
7613,7161
4325,2743
7107,5074
9295,8356
1389,8347
2065,9384
8382,5127
2764,1959
9554,7011
3444,9531
8301,9605
4354,3565
4361,4278
706,7014
8206,1905
5862,9599
9723,4753
7128,2514
6467,553
4213,3333
763,314
3082,669
8586,2540
6960,3869
520,5282
6521,9420
7543,6664
96,2480
1667,7365
416,8837
3074,8658
8853,8024
5493,1515
8027,1795
3839,5980
5783,4997
1922,2407
9790,6096
6307,7855
7408,7644
7494,6893
5713,5167
7124,5670
8125,9914
5584,5053
6935,1947
3843,2837
5025,4500
1601,8889
8614,5648
2415,3444
4995,8041
1611,946
2546,3146
7539,8248
7169,3053
3070,8256
1947,4278
5269,8280
8504,3
3736,5636
7762,5782
7798,7196
3677,8439
2347,3202
6317,7388
7962,6072
3263,9324
3729,3876
5324,524
4477,1820
1130,6621
6138,8096
3650,2536
4846,1128
9006,7461
1428,7483
5382,5080
2624,3860
9329,503
397,327
1312,7042
3834,6265
1272,3708
2349,2874
3821,6740
7090,262
400,2961
7010,8900
8228,7022
4095,2778
4190,7216
7660,6915
8505,591
9279,4186
8857,6412
1751,7210
8365,2274
7828,8485
8153,3815
6886,8726
5408,4786
3887,8383
1447,5752
6808,6591
4199,7157
7669,6856
9694,8979
2626,3919
3414,471
3510,7349
1686,9188
1518,973
2173,2365
9210,5897
5959,6996
4211,751
7070,9193
4685,8255
8494,9864
9394,9626
4581,7609
6427,1099
9424,5304
5644,4396
7101,814
8059,2244
177,3575
5944,3870
1162,3381
3815,5073
2127,5524
5873,957
4274,6819
294,5328
7234,2740
735,6468
3698,243
7336,3956
6429,2757
9567,2212
7812,7857
9087,5547
8839,9875
960,1338
3384,3924
1725,3127
8960,2702
4120,2043
9149,7593
3360,8707
94,4048
9856,8623
2851,9998
3540,8759
3010,5561
5195,7148
5627,9545
3084,7496
484,9114
8808,7384
1413,8345
3178,5145
3370,9287
2190,4775
7833,803
6007,3764
2996,2135
3042,4466
1425,1939
7821,7101
1216,782
9100,4681
2820,1091
9790,432
9239,7728
1727,5135
1689,8815
5199,7913
8788,7038
2826,8261
3332,4686
6637,6038
6587,2245
3085,793
3059,1787
9141,7607
2720,2092
9364,9076
3841,5731
3639,5745
8861,2305
617,5684
5844,8738
1582,6595
2535,7681
811,8667
8489,8031
5318,6413
9905,8878
4048,7606
1421,4691
8191,5893
4268,3216
3910,3471
6320,7391
2806,9837
5467,9138
5975,1731
5395,1156
1623,4502
2244,7064
2765,8264
8904,8394
1378,6657
1536,598
5207,8918
7103,6955
2824,176
9486,155
9442,8191
7570,9050
7028,4337
7399,8939
9107,7154
4713,2640
9778,677
1118,7376
113,8086
1300,9073
9968,4221
2760,7223
5630,5200
2464,1748
6729,8326
6352,4175
5798,6770
5918,5640
6588,9784
3899,2019
5310,2751
4731,7016
964,614
9873,5236
9042,5833
1485,7964
7066,899
5598,7769
7685,3122
1508,485
577,5308
8576,1115
3460,7691
2787,8874
2202,7955
3549,8443
590,3032
3327,6115
6553,7403
598,6828
7449,9941
7081,9545
4216,3015
5349,9630
2777,2450
5253,3277
588,7803
924,5537
2763,5255
4504,5633
1955,1066
4887,2136
5305,434
547,4769
6101,4017
2041,4223
3772,2156
91,6889
1142,7049
4139,8551
8707,6536
5331,6206
718,342
1104,7696
4891,9317
9087,5710
8308,3528
2370,1365
4722,3883
1329,1398
799,415
9,3036
6695,3564
4231,3794
9580,2381
9244,6596
9378,6825
729,1110
6300,6189
2468,3105
1663,1688
4154,3547
5325,8239
7020,99
2092,1542
9132,9280
906,928
8965,1933
7896,9074
3868,6307
8875,727
9072,9643
8158,3301
8521,8079
7922,1075
3385,2174
3247,2469
2708,5867
3828,1697
9867,6881
1650,271
1498,4078
863,3567
8509,1959
1554,1206
9697,6591
7346,6698
9180,8021
5656,7039
3873,19
512,4922
2566,1559
468,9282
9109,89
4945,2719
5712,9536
6216,8544
2166,1625
5882,7207
4175,5955
7249,7869
4981,5530
1803,755
2465,8044
5837,267
3885,9239
7032,6070
2044,7233
7006,4620
5502,3431
1955,2960
2598,8021
9334,7949
4848,8276
2128,2393
7826,5298
4371,8351
2752,1025
7805,8393
272,3462
1762,6473
3987,777
8395,4960
8818,1616
6550,5922
566,3414
891,730
7627,2873
6056,2906
509,436
6902,5852
4476,3156
836,4177
1796,2041
8988,980
8819,7624
1135,2295
8490,6631
3287,6674
736,2778
2491,5306
1766,3855
5711,8277
3345,1660
6122,1432
8486,3250
4597,9983
6663,9892
2260,3572
6334,2483
4567,6842
7225,2462
9370,5633
3819,5636
9526,5099
2246,6010
6518,7151
2338,8982
6856,4931
9354,6978
7406,379
4419,3537
6349,404
1978,9349
1042,7678
4375,2713
8941,8502
5013,489
7466,8014
3057,6575
1357,5740
6035,1153
3344,1155
4899,2575
1917,3862
1855,9134
8983,8620
4248,807
4435,7315
6521,4658
3064,9624
7228,2830
7531,387
7252,3187
9418,2509
6591,7642
7475,6908
873,1318
3388,8930
1585,5230
5408,358
5313,3467
8845,6296
7386,6570
8786,468
6396,7817
5522,2823
2987,5324
9850,9494
8477,2867
5359,9477
5242,5923
6239,636
9463,3312
105,584
376,7988
9873,8808
9190,5139
6289,3382
7072,4545
1612,9362
4353,4714
1703,8726
2937,1423
2773,9165
5944,6316
7873,3776
9677,8869
6321,7471
4332,2561
252,9763
6515,6061
3530,2876
9524,2396
7684,9889
8553,3922
4840,2250
5524,7312
226,7761
9872,864
1109,1692
6300,5318
7332,7222
6891,9206
7535,2855
8221,2136
4561,2276
2607,8435
7151,3094
754,4389
733,1068
1226,7582
2826,4049
5752,2372
4530,3313
3279,1550
161,6211
2186,2147
8942,7615
3140,8827
8802,9298
5244,3070
7319,2799
8259,9315
5385,5934
6044,2601
6718,4272
5385,6873
1045,8715
1666,2912
3058,3365
8610,8202
2136,3615
9735,2161
8009,6521
4685,4661
1259,6954
6004,7790
7310,4039
1783,3433
3625,7835
1010,2234
1407,6071
4250,9055
5652,7981
1020,4578
4781,3029
1925,2506
7164,2874
8697,2320
6260,9823
4538,7243
3531,9304
1549,3158
8384,3028
8761,6627
5322,3797
5210,5542
881,1423
8310,9909
4535,8113
414,9356
9392,9419
9860,1122
8900,1043
8681,1679
1587,1814
6052,2330
8469,4011
2347,7460
3811,2834
801,8718
4869,1987
1104,6275
7649,2929
7232,8010
8488,991
2724,1933
3460,3250
3291,1492
9862,2070
9908,8373
8881,5123
3640,1905
713,5114
4161,5283
7356,9244
6503,926
3529,2303
4878,7590
3634,7981
261,4953
3093,4661
8304,9397
8464,2216
152,3734
6795,3700
4288,3523
5943,451
1562,4278
7854,3455
6063,1041
5925,3780
2659,9509
7975,9343
5733,8225
1841,2875
7283,8069
9850,8260
9965,8210
2799,6779
727,2366
9056,6413
885,9893
2769,1918
916,5005
299,8749
6407,9566
6646,7633
7088,4302
4751,6559
1344,1961
6204,9917
6911,6332
6398,4535
1087,578
2145,6147
2153,7957
1103,9419
6012,2513
8400,4688
5991,1407
8835,4616
557,5193
5500,2338
8074,9887
3015,2216
6747,6116
6998,9899
8166,27
4946,3886
8703,2632
3081,705
3330,7596
6616,2748
3247,5612
9248,9750
1454,2563
4915,9124
882,9985
7246,9718
2764,890
878,8001
8488,8951
3615,8344
9459,8859
75,7125
5830,9810
8922,8654
1771,8255
7965,3662
5731,7552
8706,5094
1140,9849
9929,3789
595,1418
2932,595
8031,202
5178,3589
6887,1534
942,4616
2468,3349
99,958
2473,983
7531,9449
2811,9875
9573,7015
5901,7367
707,2009
3296,9358
3606,953
5756,4239
1370,3787
5205,9320
3412,8523
1676,6008
6800,3228
2992,2716
7088,8061
5899,8196
4650,5311
202,1958
6346,4455
3980,6240
2578,7048
3297,4520
9296,6370
965,705
9346,1761
2792,3301
8614,3532
5642,9708
7470,700
4844,1097
95,556
4563,9220
8417,8616
5414,4596
6267,6498
4445,8935
9297,3710
4639,7983
9364,4703
7751,4776
7648,1874
2840,6617
3465,24
8148,4412
629,9996
5266,9313
6155,4981
9501,2170
5877,8154
3642,4797
5715,5877
7785,5262
3834,4738
8637,5478
775,2772
4147,6366
8343,1510
2157,8172
3337,8483
6990,4920
9328,1087
4843,7237
7827,132
8125,469
5004,3398
9589,2259
8907,6399
2673,9607
6066,6871
5892,9724
5290,2220
8218,4834
7018,8257
1362,4797
1711,2699
1253,9994
4890,6652
4892,4281
9611,6865
8331,466
9427,2089
9227,7922
6975,4359
665,8740
1706,3523
9051,2741
8053,192
7529,7362
7586,1480
2952,2912
1443,5809
9190,9208
6697,335
1579,9053
6173,5024
5104,3992
7266,4400
2517,8060
7835,90
4285,2125
7922,7185
3469,9675
1714,4932
4071,7794
3348,8860
2562,6490
2734,9226
4015,9848
6350,4549
5823,9462
6026,8101
8910,1812
847,6515
4388,6912
8949,2972
6772,980
2873,3090
9281,4613
2500,7194
1471,9496
4291,7918
6861,9841
2642,5557
4022,560
5106,7084
1603,792
3442,3920
1929,9593
5806,1308
1065,8027
2459,1945
1208,5366
2567,7894
258,3797
9420,6650
7085,9734
3159,1124
7882,6860
8117,1250
4968,5807
8469,9811
8524,1079
499,8060
7283,3010
772,7401
434,8574
1862,2076
3751,7536
5445,1652
6274,9118
6162,246
1208,8870
9134,9531
7926,3008
9698,2699
851,8754
328,4512
1940,7220
6283,2643
9459,6591
9321,4146
3335,774
3861,8468
1665,8449
844,6765
8475,2139
5003,795
3090,3050
4564,5299
8717,8438
7633,224
3531,5681
7624,2619
2522,8901
6096,844
7410,3333
8201,6343
4925,5426
4244,598
6186,966
2399,3317
2517,3538
3365,7082
3852,259
970,730
4199,4504
2495,6179
6674,9536
7193,9872
3275,3072
4808,532
5749,2318
1767,4659
7190,9574
5440,4946
5744,9558
9897,9516
1628,6715
2624,7168
5494,7397
5397,1048
9789,8936
3213,7977
4533,4915
374,1207
7595,1113
7591,7824
5270,226
5663,6573
9462,1078
1857,243
2151,461
2679,2566
7553,8471
1949,1000
2012,531
6320,7745
48,8217
2266,6305
5380,1939
8339,6118
1369,1593
3685,6632
9433,6914
2277,9581
7755,3852
2681,5995
8951,4430
8784,4253
2798,4594
9489,9438
7254,1880
7892,3857
2580,8572
6149,171
3110,5354
6945,1539
5916,3841
2256,9414
3794,5986
9231,7867
7858,6195
6209,8035
485,499
44,7172
9251,5072
5935,9223
5768,3862
2631,4309
3472,8860
8744,811
8723,4135
9245,5937
2975,591
5602,1062
3002,465
4939,4919
4001,6851
1699,3467
6690,5985
1893,2249
2478,953
7765,6273
6085,3138
8764,3799
2666,2172
8373,3914
2584,827
4005,4233
2170,3173
9954,4010
418,6349
4200,5640
5872,2212
189,2813
6412,1402
691,5949
9338,4421
7745,4466
8362,5566
6748,8972
2615,8663
7635,5237
811,7182
9811,5772
6184,1696
7832,6276
6034,934
2623,5491
1823,9602
9970,5536
2122,1533
8980,6783
6249,5437
8081,8414
6464,5133
6761,7046
1835,3425
2922,9695
7246,4122
463,8054
6466,483
8630,4162
316,4328
5018,9483
3774,4727
107,8126
8653,4331
6022,2398
5955,1176
3286,9110
1758,7793
2011,5758
6949,2788
5916,9815
2960,1477
3641,6305
1295,9496
8209,9888
3937,2102
5470,1548
4822,8911
470,5037
9620,942
1392,9284
1392,882
8990,546
7343,7414
9112,1475
6598,5082
9108,2228
9727,8652
6502,1816
3510,8831
5241,385
9286,544
8093,7619
6117,7374
5640,7678
1268,9110
8995,7427
1927,8517
4518,2390
9554,6896
9110,2947
4817,5655
7780,1911
6635,9929
8368,95
3519,9001
7418,8877
3980,7410
9753,1363
3371,3653
7701,4247
2355,5702
8855,3596
1421,1825
4996,5024
5603,8442
2253,406
1766,5014
3236,7787
142,6618
6472,9534
5116,2847
9046,50
314,982
7082,1586
6315,690
2593,4419
2805,9671
5797,8806
4159,3224
9594,9425
3453,8431
7348,7074
6610,3698
8943,5937
7343,85
7649,1589
8733,1926
2008,6065
7380,3350
9064,979
5799,9791
8936,1733
1331,898
66,6636
5207,1285
9561,4939
6008,1270
486,4189
2418,6350
7770,9813
4117,6731
7827,255
4268,2699
7895,2116
3717,9012
4417,8420
4448,1354
4256,8997
7964,7356
2613,8696
4203,503
5529,9270
9832,5523
6552,7153
8085,2627
5734,7460
9490,1329
5412,993
7380,8961
5288,9588
236,873
9229,6169
3066,6547
5645,1874
7305,3310
5527,5265
3965,459
1160,3365
8178,4632
8873,2979
1039,3304
3222,8228
6331,8739
9552,3496
9170,1216
6998,9956
5744,2526
1320,1782
4546,7271
9353,3552
4771,1202
767,5999
3501,6596
2662,6026
9654,5880
8501,9873
4669,8775
2653,3762
9736,6178
5980,3678
2203,8895
3292,9347
5374,3868
2875,6026
1956,5756
1192,405
2620,552
3793,8057
335,1013
5023,83
5534,4234
5038,9251
2438,8425
2316,5281
2961,2050
1944,5638
1135,7226
2788,9935
6483,9752
7376,5539
3241,8870
8016,3950
1944,1558
170,9176
3623,1058
4170,3442
3872,7949
1721,3243
3526,896
1221,5549
9819,4913
2974,7967
8507,6375
4788,4134
7229,8387
7661,1399
8951,4056
1879,3950
8818,8896
8925,2606
3006,722
6851,5960
6610,3390
5591,3182
2053,7220
2366,9437
4384,2445
7820,7515
3398,5154
189,7445
3864,7842
5796,3587
3244,9117
2831,88
5623,5056
8199,866
3983,2811
689,4735
1852,935
7087,5836
4382,3688
2224,3961
300,8602
2065,7580
8658,2733
7820,2388
9009,2024
1278,9452
2188,7687
3458,4279
1135,247
3762,718
2153,2216
2375,868
8827,1495
8873,1611
9661,903
8852,4706
9104,5681
3569,2245
3507,3353
1485,6897
7385,2352
5994,5470
3733,4339
6279,3424
4739,2807
361,6343
3453,5224
9948,8436
8055,2039
823,1715
9620,6621
1124,1414
5129,8065
4208,7951
6914,2070
4210,9229
2995,1232
1146,5458
564,1841
6111,8512
5488,9058
9655,3996
6262,4480
2208,4501
9374,8672
7614,7786
2053,5381
2466,9226
6306,1554
350,1094
8495,5320
2756,4306
581,6625
3537,3888
8084,5197
8442,6891
3839,8619
6609,2494
2959,9509
8458,6835
2617,1932
5373,302
1157,6677
2179,6136
2945,714
5494,8930
4007,9142
6144,3562
4466,3011
9151,6011
5742,2801
9329,6283
2291,8942
3592,3652
3158,4097
4646,5278
1356,9896
1294,2602
7558,3703
6319,2260
4075,6923
207,8346
2836,7466
8230,7479
8956,5139
2806,9280
4311,2440
4491,3310
1041,6478
8671,2647
544,9809
4176,3191
4530,3948
1658,906
7707,8727
1680,4600
1807,6627
2707,6389
1581,8041
9876,1446
5808,5962
6379,6717
2286,1148
5868,7733
5616,2759
3121,1949
8172,8719
1200,8285
6931,8398
4364,3777
4758,7868
5107,3821
9221,5837
3570,9100
900,9750
4991,3875
8480,5573
8860,5794
3092,844
7326,8109
2405,8545
7519,6060
8232,9379
9431,3516
7810,7404
7058,6116
9296,7529
507,6907
5163,2790
7527,2622
3849,3159
5683,3994
1593,874
8742,4647
9850,5607
7472,3854
1673,1806
5410,6050
7874,2622
7965,9156
3197,2186
1058,9117
9688,8174
7085,1644
259,9178
9177,1542
1272,4387
5191,8379
7870,638
9852,2125
5875,6271
400,5626
7010,948
8582,1783
3125,7800
8994,1727
9078,7319
5800,3589
3799,5795
5158,4122
667,3876
9507,4692
2011,8230
6949,5260
7759,110
9689,1178
3285,3480
8961,1671
4200,4274
2658,6994
579,7560
8466,2860
7665,8998
1192,9709
9303,8726
4805,9982
985,5969
4419,3759
8832,8323
2600,9914
9558,5983
9038,8391
784,4932
1109,8664
9958,6856
5625,4244
38,6805
7634,7591
4683,8191
3664,4536
7354,6719
5451,5030
4473,3628
1660,8659
2926,8219
1856,6090
3492,2214
4431,8357
8994,5244
1289,1253
1736,8883
678,5300
6428,4194
545,7925
9645,3713
1427,8542
1284,6278
1511,9475
4952,4501
1199,9883
9895,9782
3460,6584
673,1694
5989,333
9269,9734
2046,9984
1043,6337
1310,6452
1010,6160
933,2264
9630,9484
5609,3495
4083,2547
1161,2128
1861,9709
8824,1921
2535,9394
4815,6374
7657,6733
3710,6880
1296,7456
2891,6548
1077,9075
9737,6577
9637,5407
1965,1135
874,3791
7422,4880
9504,1387
8160,1877
9285,8402
3633,217
6379,6530
6752,1150
6514,5937
9026,6192
1701,5640
6383,529
7509,1772
7199,7208
3765,9677
7380,5822
2806,8288
4382,8333
7971,3294
7869,7447
7939,2524
1709,4713
4324,6113
277,7305
8424,8194
850,4723
7319,2321
5820,5906
7325,8488
8287,6913
3903,872
5340,2007
5300,888
145,3106
9651,107
6595,9056
45,1707
7947,2011
605,2044
4354,7574
7289,7932
1294,9436
8982,3395
1423,9846
1719,4475
8159,5802
2834,6791
4245,5308
3561,3629
4163,2731
1183,1876
1560,2388
1160,2912
4032,8583
7396,1736
2282,6170
6406,5198
6261,1545
3174,3570
8588,8665
164,4758
3402,953
9482,3694
3902,7426
4883,697
8534,4938
4390,8412
240,4524
4345,4734
8192,5174
3011,6437
936,4493
9177,9181
6727,3159
9707,779
3827,4744
6235,5851
9572,6189
7186,182
2932,8251
3742,9517
8799,5744
4898,9205
5996,4293
8642,7975
7706,5321
8321,8334
4675,4208
941,5860
3368,5519
4049,3931
9814,5843
7878,2516
7831,8820
3810,5571
3657,145
6540,4743
8873,2781
7701,6532
7348,7131
1307,6075
634,9244
1140,485
5310,3793
3560,5581
5896,9781
7004,1844
6218,6799
550,3773
5789,8113
6129,9201
8662,1406
69,5126
8996,6126
2227,1362
8123,347
2513,9798
4110,6519
211,2213
8597,1169
9157,7922
8071,5260
3783,1142
7776,9513
7896,8117
9111,572
358,8275
2681,9503
2886,5771
7123,6100
1433,9997
2949,9991
8207,3993
8112,9354
5906,8122
8453,1016
8,699
1587,5216
7227,1727
7817,546
3308,1909
6092,4084
9982,6584
8674,3092
7488,7137
936,7326
8887,167
284,5185
8480,5441
4552,4635
8344,2399
4820,7796
6673,279
8268,1357
4706,8485
8486,2748
4253,7685
593,9323
7591,3064
277,715
7938,6555
7114,3664
9746,6694
4603,5997
7149,9549
5463,6626
6237,8235
3871,5819
8152,364
5316,3166
1202,921
6957,6575
3115,4789
4787,5525
8704,1779
3402,7182
437,7884
9312,8051
3627,5314
8410,3224
2321,4635
3258,6908
2322,3059
642,6074
2251,3758
2086,6165
491,4858
2734,8601
8706,8591
5373,1727
7041,3778
3403,9864
1292,3042
2126,7671
9645,4036
1652,2796
1602,9391
409,8818
3117,8194
569,5801
2346,3658
7840,640
5298,8844
4495,2104
8381,9366
9535,8715
6271,4920
5951,549
7513,5880
7298,5955
2021,1094
3466,2642
9235,1778
5993,1943
3446,7093
8852,1259
5080,5359
8399,4660
992,134
917,6376
9566,3985
8802,2835
1119,8991
9421,3338
2798,8491
9066,895
6499,2424
1583,3204
9260,8079
8293,4126
4175,5374
2674,5651
547,7489
8424,115
7861,941
3645,3344
3230,9252
6269,4069
8973,8436
1258,7958
7149,6074
3765,1719
2987,2849
4317,475
9826,4447
7036,3689
4976,8698
4568,7412
7075,4583
7692,8689
5825,6694
8655,7982
1232,6895
3670,8662
4081,3766
8146,4614
8120,7594
2531,8325
7645,2871
1633,3977
1583,6600
1306,3582
5883,4770
7005,2430
5065,6538
160,8224
239,6302
3447,6230
7704,2404
7759,125
9376,2911
7134,36
2672,4958
8740,226
6544,2422
8901,9448
5374,355
10,4614
9015,3319
9185,3730
8085,9047
1125,1268
7694,2480
8876,5375
5863,5363
6517,8102
8922,4259
7480,1733
7123,9080
1515,5102
6515,2781
2796,9171
2323,3060
2400,311
402,9396
7121,7169
7723,1841
6097,1221
7793,136
2189,3245
2629,5732
1624,6442
3360,6476
7883,6674
5925,8284
4531,9182
7876,1073
1310,3542
2944,6009
7562,3586
7061,7505
8579,3933
4928,1944
1650,2415
9663,335
3806,9451
7442,5921
7645,4523
694,4441
9697,104
925,9743
4407,2851
57,6257
8159,3697
7359,9040
8606,1942
722,6647
2325,5334
938,7174
8930,6203
513,8459
7203,1330
3517,249
905,352
8224,6980
841,3040
9554,405
6737,5435
1493,522
2552,2758
6738,8814
6268,7882
2474,7039
5496,8534
6470,8999
3939,6021
6535,7179
2700,4349
5578,2416
2061,8563
5078,1083
3815,1003
9060,8770
6426,2927
7603,1506
5980,3106
3409,7145
6862,9644
7022,3217
3962,9509
1395,2444
5552,858
5894,6220
9225,1411
3058,9776
1413,5430
7295,1282
8776,2716
6104,6969
6630,8476
4548,5590
4973,7045
3531,4748
7368,1760
1985,7992
1147,8879
4820,764
9699,8999
6724,9279
2281,5546
4755,3560
735,7070
3128,8128
5888,1544
9726,7826
1340,4965
438,4339
1417,4394
1756,3860
6752,9462
704,2243
7113,8192
8701,2141
4649,2989
4955,2278
2809,8267
2136,9450
8373,7974
3316,5331
2144,9045
7586,9809
5542,1028
3038,9258
333,2717
8025,7641
7824,1235
7502,9586
4751,943
7925,8228
1734,1189
8320,6771
3872,5404
6561,603
6984,1194
9542,4046
8181,9093
3026,1677
9271,6212
5897,2545
5229,4072
3061,1146
9754,2653
1199,2235
1066,4823
2358,8344
4839,359
5639,9339
6962,1068
9061,4123
6877,6622
9728,8787
6187,4189
3896,900
3060,399
2733,4205
8476,4143
1256,5105
1691,9463
4556,2932
9608,5874
2478,1885
554,7923
7677,4288
1999,3284
8759,6013
9456,2972
7076,6579
7014,1500
2705,3446
3536,3603
1440,6969
2964,8810
121,9209
8946,8764
4777,662
7760,8379
3092,2808
2791,1419
4019,3198
8360,9
7289,7976
9424,6524
2141,3525
9575,277
5755,2680
5619,7020
2513,364
7805,6028
2077,5166
3474,1799
2028,8199
5567,3568
82,478
8992,5968
7445,8610
1375,1632
9272,6776
4924,429
4865,3232
9385,7885
5154,2840
5231,5275
9176,1066
4941,2732
9400,6180
9536,7007
5535,6854
9169,5264
2367,8954
7240,1159
5700,542
2024,9783
8722,7433
4456,3599
2491,8202
8380,1253
4639,8904
2765,8182
5322,7914
2254,5980
3474,2980
9331,6201
4504,8450
9960,2208
1429,8755
2234,9714
6465,6882
4853,1959
8843,4397
4259,5421
1728,1211
1378,9729
6760,9688
2006,4602
8580,8144
4151,1623
5116,8196
2432,4710
4594,5118
2725,8904
6934,2112
3869,9292
2816,4821
2974,3717
1468,8346
344,6624
4435,2735
6148,9955
2424,3664
2675,5003
3056,7849
7710,882
7118,5208
915,5551
4918,5484
3959,6310
107,4065
24,6511
3245,5506
3070,1718
4164,4729
2355,9320
3126,795
4119,785
3630,6744
1188,1071
6905,9651
6086,2149
8428,7820
1053,8467
7643,8304
514,5449
7809,7290
3396,2497
2284,6528
7931,5967
1030,4053
4194,262
2442,3438
5687,804
9097,6868
611,6284
8997,5240
7584,5896
5151,6193
1623,3749
8925,8518
4214,2348
3104,6940
3214,5351
2830,8623
3888,4807
719,4541
7895,15
3237,6274
2377,3164
6883,7919
868,1143
833,9487
5866,5357
6502,4292
6101,8149
9803,4936
2356,7427
5673,6130
4708,5744
1014,9949
4171,8370
2590,8947
9073,1276
2073,4227
8982,4312
9875,3132
3056,3206
8202,7355
3720,4943
4014,7110
8470,5857
3308,8153
4294,5178
4978,6076
706,7860
5623,7948
1563,2556
3381,2629
4074,7511
3472,6948
1364,7042
1713,2729
1902,7620
4610,3061
1044,4822
2603,1251
531,9441
6966,2022
8731,4972
4376,4816
4410,9833
2939,6835
5143,8664
7094,2207
5853,8531
9530,4130
8348,7422
8578,8113
192,2512
3748,7876
1427,8680
8715,7364
7383,9894
6549,5790
3323,2516
878,7943
36,5382
8868,1944
9117,6849
9593,2614
5240,4288
3127,1823
4801,1208
4348,9039
6989,9445
8751,4513
4181,5664
560,2800
9125,2216
5348,9419
1671,3011
2807,3538
2106,9318
346,4268
8765,7831
9695,8933
7993,8483
925,188
9809,3033
1738,1459
1237,3163
9566,3800
7480,3387
5291,146
4553,2166
1873,4249
9770,6195
2271,6510
5053,3886
2639,261
4244,8177
154,4569
1957,8040
6451,7833
7321,748
7012,8809
8877,7725
8607,7901
3696,6544
7278,5481
1674,4197
9271,6080
5264,1746
1547,9983
9589,6389
7134,777
7303,5430
1560,1816
2981,1021
8827,6039
2535,2432
6156,6959
1325,3639
4720,2521
9993,5957
6304,5396
8506,2197
7953,8171
5903,5466
9905,7012
6400,4057
3000,5585
7759,6356
5190,3086
2177,5023
852,4331
2300,5130
5404,3311
5490,345
9557,6679
3287,7786
470,4414
1492,3873
3188,6989
7926,7112
9158,3183
2477,1501
703,7096
6692,5518
7540,9291
4159,6897
2215,5436
3636,2426
3818,6338
2094,716
443,497
6281,1490
7206,6907
5436,1169
5392,4509
3170,9951
7152,6149
385,4427
4464,9869
5666,5014
6306,1439
6001,3772
27,5133
7295,721
9738,846
6151,3487
1992,8410
4643,5037
1035,3418
9364,5479
1293,1727
1344,2187
7318,560
3620,8093
7648,4636
5316,9452
5373,5556
4270,3708
469,8339
1788,9253
1005,1674
5671,4432
3864,9850
3833,3892
5071,6093
1672,8260
1627,2367
2974,1128
1211,8316
2440,2655
9212,520
5733,8585
8107,733
1157,3771
9765,7987
6940,4828
4168,1724
1387,2772
7407,507
1481,5817
2954,2997
6269,1590
4572,6688
8168,3345
2354,723
7667,3063
8682,1580
4313,4707
3845,2387
6997,5712
8700,7784
7660,808
5395,7371
2381,9083
3460,4912
6185,6184
4158,7169
727,4954
1289,6118
6368,2629
2154,446
6672,825
4758,6117
1172,8458
6970,6346
2488,7381
8190,9496
6614,2052
593,6536
6008,1010
7171,5841
2274,6863
875,5202
9545,5903
2222,2014
4080,8161
3519,9814
2698,6144
169,3764
5561,7151
4437,7644
5116,8198
5068,3017
4911,330
7468,6249
396,4157
6905,3103
3701,8249
7594,6065
8578,9470
383,3171
9622,9920
3201,6391
3502,6319
561,7378
6218,3341
4224,4503
5850,5160
173,8959
7530,7514
7621,9847
8729,7801
3318,4697
2818,3593
6708,6093
3748,723
1673,4966
7418,5731
6565,5263
68,9552
820,31
9254,2182
7626,3667
7657,2980
5609,5340
1674,7756
8541,4195
8288,8216
807,3475
8310,3545
5722,6937
123,6226
4963,3916
2917,3427
224,4817
5057,9967
9324,4577
1933,3442
2958,6582
1693,7890
7928,9980
3656,7149
6653,2464
2627,2318
9767,9469
3936,7203
3597,3536
3709,5992
694,5116
5572,3098
4386,9883
2180,8688
1218,8011
6727,9768
9399,5515
9588,6205
6804,9951
3608,3587
2390,2755
7130,3476
495,1910
505,6570
5085,5841
3459,2969
225,7684
4461,6391
7637,3923
1642,7147
6179,5819
3524,7501
9112,7794
2873,6228
118,6245
9352,4248
3027,9849
9336,6226
7760,5161
805,8609
8164,7762
5020,6247
6783,6872
8317,541
3401,4024
5935,4267
2008,2114
8295,4394
5382,3337
5535,4562
3467,7761
2813,5022
6652,5756
5864,4508
3828,1738
8585,9044
3628,9557
7864,128
2248,3937
749,9508
8424,7140
5473,5791
2042,7252
5658,9220
1508,902
859,6872
281,4680
4329,6571
170,9279
8298,770
7847,605
8542,1130
9132,7348
410,7948
5073,609
432,7707
2762,6265
8159,5795
2904,8829
6111,9875
8656,2171
3977,8748
6898,7222
3557,1517
3011,8174
8016,1730
3721,8041
5056,9946
354,361
8588,2121
7810,9438
3634,6315
7601,9072
3484,1123
442,181
130,2804
2382,1900
763,7
971,3154
5420,7375
7029,1935
6684,8811
877,6939
4375,4485
7445,2264
7412,8503
1758,1440
3440,8822
5135,4883
9228,4036
5052,3128
7196,476
9887,474
2474,6225
1892,7792
3471,9303
8712,6105
7466,3491
9682,9346
5518,3308
4592,6526
2111,925
4057,769
9473,1773
6997,3686
7822,7970
1451,357
2605,3648
3465,8707
1110,6480
3427,8186
5780,7371
3483,6546
7088,542
1563,9
2591,8853
125,2823
5894,3191
5011,7799
9190,5743
3576,2014
3720,5671
5554,4291
1951,7180
5784,9183
4943,4137
8728,959
5158,1847
4571,6480
2754,2845
7103,1466
7280,833
1075,8943
3076,8494
6763,8191
2228,2506
6966,4615
6737,8956
4707,7923
1032,3096
1805,602
5125,8170
4810,2682
1634,2935
3261,6675
9429,7314
3782,9824
9355,2898
597,1892
4573,231
3974,7779
218,3256
2687,4373
1090,5208
6876,1544
7060,4105
9627,4525
2294,3395
3859,6257
9079,6154
2899,1748
1230,2478
2837,2856
4253,1717
679,7788
2284,8571
4785,8637
5269,5074
1736,6487
6700,500
7574,3279
4184,4741
8315,6926
5533,2380
2018,7368
9665,7382
537,9546
7913,3913
4693,8001
5629,8211
8122,9914
3635,4943
5596,7805
804,8089
608,9197
9719,8032
4836,9514
9951,727
6518,6508
8525,7005
8291,8824
8580,2511
7864,5081
9273,9150
9808,8262
5138,3813
9376,1923
631,1085
3678,9083
125,5414
799,2618
9737,8732
4090,5055
8197,3914
1578,141
3119,8796
8499,9877
256,2864
3033,2865
7494,6157
7203,7671
7583,9878
3927,2324
6482,1458
6815,9252
8228,4166
6996,1450
9836,3197
869,8433
1077,9365
5984,6062
2357,6379
7292,667
2593,6134
5509,8657
3103,2678
5804,9514
945,4900
5350,2635
458,1520
9181,7709
1189,2264
7567,4928
4189,8201
3523,9572
2374,209
4287,2091
4398,9772
2745,4811
5422,2659
2999,5896
2519,38
5715,7836
3136,3915
6257,7890
9519,8872
4481,4293
4125,3197
6718,1869
6420,5144
4367,9375
3420,7057
4014,3100
9948,4030
4223,6886
7834,8776
4787,2498
8068,3530
3687,6125
6419,1923
6216,1069
9669,7769
7982,5412
8040,9029
3649,2571
9449,303
6590,8342
6053,4461
4917,3668
3948,1820
7516,4077
117,9992
6017,5447
838,1875
774,4334
1254,4971
232,1836
7714,7933
3199,7596
9224,1245
75,9702
8041,3080
6909,1534
2364,9131
8130,1617
2574,44
5535,1852
1517,5731
987,7488
9710,9705
3058,9956
7519,3385
6748,5494
3002,5631
7338,4276
9221,7484
9883,6142
354,9423
2935,5577
311,6572
2663,7104
2940,1491
8998,2716
3762,6029
9207,6502
3928,6964
5294,6233
1555,7541
2805,219
9546,720
8835,3368
225,7444
6371,151
9184,5242
7267,2652
4131,3472
1625,4725
9433,8134
5455,6945
630,7614
1385,6729
9907,4526
1003,1443
951,3239
5202,5718
3067,1508
9496,6618
3713,8072
3221,7344
1681,311
767,4586
4008,8892
2733,5540
8843,576
3994,8728
6389,3480
6721,4936
8870,4651
5248,882
9937,4001
5551,4266
826,6334
2309,2216
9518,1802
7190,432
361,1279
1765,3055
9712,2607
6892,2724
2217,4384
5620,9506
570,3604
7015,845
5748,3504
1188,5868
1544,6735
449,8683
9181,1106
1113,7451
3704,6279
2594,254
5042,7664
4792,8950
8397,243
9355,8577
9182,5653
1962,4629
5355,2418
5265,5908
6230,2093
8684,192
1813,76
7360,8733
8607,8805
6910,5235
8064,8822
870,6767
9399,3557
8764,5261
6479,5722
2592,9118
6773,6694
2428,3762
6839,9906
2126,9584
157,7770
8818,8880
8973,3570
9826,8441
8190,2895
1170,2979
2469,272
2938,9876
185,4570
9951,2205
1059,3148
4794,2593
9813,4715
4623,8898
1755,9267
392,5314
4972,6800
5244,843
9643,7687
9953,4200
3729,5423
8650,786
1284,6649
6559,4496
5979,3921
9028,4381
1197,9619
7358,3425
9744,4965
6291,4452
299,9408
266,2815
8504,5283
7883,277
4393,9725
3924,121
3049,8000
3574,6424
8844,1941
3849,8578
3056,6727
359,6951
1981,5126
8605,612
3040,9348
9898,6721
9394,4744
3664,9700
4118,5706
8838,96
9766,5784
3572,1251
6854,1653
6714,7766
3995,7706
5705,369
7180,2991
7775,2908
1723,2629
7748,1462
5697,4076
112,3300
3957,7077
9741,7016
1252,2751
5689,7864
1943,3800
7899,7000
951,8421
7093,6378
7645,704
8610,3076
7035,3404
7634,3440
8241,8053
5369,5536
8920,8607
4682,4340
1151,6617
7861,7768
8936,8551
3656,1958
8409,4375
1807,7187
5220,4366
5437,1920
8262,7065
8661,5350
1704,7180
2201,7986
9679,2364
123,109
2195,3741
171,8673
9650,616
9163,757
3653,798
1440,1593
5507,1053
9032,7104
7788,5317
183,2496
9051,7117
8457,5412
941,3077
856,8668
7124,7259
9328,2672
4539,3227
5862,3846
694,3092
4477,9704
1953,4221
2825,6365
7319,1432
6145,118
5360,7247
8870,1915
8638,131
9360,7929
6648,4647
1703,8661
2071,2641
7102,1848
1914,9073
1255,8205
4901,1485
9930,94
6776,5061
7419,9368
1767,1183
1736,8020
672,9089
4739,9007
7337,4347
2660,9573
5253,8999
4131,5889
249,998
476,2209
1930,9727
9476,5000
9063,2350
5432,9644
4243,1377
7333,8025
1915,9604
5311,952
7446,7902
521,410
3103,5834
2467,8067
4955,7211
6166,6835
3637,3260
1508,8664
7785,1854
8237,5398
2722,3109
7624,2431
3176,5265
9148,6487
8654,1485
9335,8299
1453,511
7456,6001
4042,5645
6184,6367
6015,667
8831,5504
4678,2099
2580,666
9562,2276
8736,19
4558,2677
8484,9597
6132,4864
8568,1832
4824,7751
2786,3925
4718,6049
4840,2777
1342,3504
7608,743
4662,8103
1195,7655
6620,9004
3144,4801
8712,1732
5761,4584
714,4615
312,2356
1015,9158
3789,3226
4907,4645
4268,8859
28,1779
3371,1666
4799,1813
3286,9701
8925,914
3066,3016
9802,3173
4458,3506
7472,710
3110,844
5164,5883
4756,2153
8006,1849
3867,8407
947,8586
4024,1709
8898,1198
2433,9906
8033,1393
7064,7193
6646,3233
1484,7478
6842,9295
9354,660
4543,9858
4851,1343
3794,5798
9305,4410
7839,3779
4936,5588
1674,8807
8809,4014
133,7965
6523,7485
3913,1999
8553,1550
621,2535
5512,7626
5185,2801
9414,3535
3335,7620
3166,8831
3245,9124
353,6692
5449,7277
8641,350
9367,1016
9873,851
745,3015
462,9308
436,7858
6690,9998
7010,1537
4439,5842
888,2771
8222,6001
220,4069
435,1742
9301,1564
5973,6644
6604,9894
9276,9384
9331,7859
2022,5854
8219,1273
2525,5657
8955,2095
8115,6548
3206,4823
7435,8775
4257,6215
549,5412
7450,947
2908,470
1176,4756
1286,5153
5761,8572
9584,1485
7230,8491
4121,140
1903,1594
6753,4927
4291,4752
6735,9717
6324,8685
8280,8988
5983,6177
9925,502
9262,2373
783,7686
8248,1048
1379,7680
2272,6537
1224,4396
9868,5337
5797,8121
1184,5226
3223,5298
3572,7401
5948,8290
4642,1424
500,7748
8263,9694
3261,571
7409,1151
4303,7098
6331,4537
1460,4528
1857,4164
1566,1248
3787,7447
6791,3209
4886,4157
2608,3574
2035,5927
4321,6334
7179,1076
9701,2019
5819,9694
8317,2881
3616,6289
408,5018
1867,4515
8030,838
834,5126
1069,7918
1344,1441
5404,9344
1615,6859
4108,6347
1436,2198
9985,9483
524,884
5498,3758
9495,2974
4495,865
2841,375
3195,7814
9085,4796
4451,2256
5490,7546
7319,5822
1584,8448
7823,1383
6553,6777
5056,9011
512,7182
3512,8918
7827,6457
3376,426
2417,5682
3403,5484
1201,1513
8893,9406
8671,6324
7038,8697
1747,8856
4992,4007
3173,1760
5299,6150
5079,3666
8377,7311
3695,9978
6690,8630
5350,2705
8268,3877
4503,5950
9680,1047
65,841
7797,5689
2690,9870
508,4565
4661,6509
1201,5017
7283,8851
1946,1495
1553,9377
4745,4436
1577,9734
8573,4863
8464,7320
6771,8410
7629,4011
6048,2602
6923,4788
9220,1183
8189,2133
4371,933
3956,4626
3677,7426
4233,1228
8795,7312
4044,7893
7779,9324
6485,1529
5914,2494
1486,59
4509,3499
1721,5820
854,1768
4467,5488
3235,2772
6309,8887
3181,1718
8785,329
2864,3997
5760,7396
1059,1419
5840,7096
2313,218
602,9811
3374,4513
9993,6071
4520,5499
705,9000
7204,1108
1715,3
5567,2019
2449,227
3777,7606
9971,5265
2746,1682
1729,1106
9020,7901
4323,5564
3337,2123
6026,3472
4990,2617
5754,2784
4093,2106
7400,121
5027,2913
1479,9710
7032,9753
85,2502
7588,3555
6955,673
7312,3391
292,3475
3805,6025
6338,3185
2029,9332
3639,5992
2357,3913
5454,9554
3250,2733
5192,657
1208,1905
4339,189
3929,8656
1622,9358
5956,7405
7057,24
7392,7184
3975,141
3749,6739
4191,2654
5459,3337
2222,8047
4037,6388
9973,8707
9152,8972
8954,2083
2106,9821
5363,8473
678,1043
5268,5203
5301,950
249,2852
8824,4188
7351,9482
9569,4830
8599,3023
7314,1198
2068,8253
6298,1261
582,8101
725,1505
5575,2623
5561,4903
2915,9788
2014,1722
7031,3246
4286,4705
5433,4610
7507,6100
3844,4774
612,5132
4846,1780
6619,2901
1247,8797
5472,5625
4670,9138
7483,3878
7287,4986
9218,1058
7686,2251
578,4437
996,4196
5618,6847
7741,7556
7294,4881
6599,4733
3710,8463
8321,9070
7684,5975
2674,5393
2615,5981
2649,4582
8103,8847
18,5389
3427,4849
8898,8529
5104,9901
400,4673
8915,3514
6864,1927
7104,9493
5197,9311
1019,9791
1131,1630
9238,3386
8167,7906
9555,6476
2239,5744
7170,3781
7682,2909
4901,4186
5321,3311
8057,342
9171,8930
3249,884
6358,4805
7392,5587
6451,1586
6631,9101
9651,3676
2388,6217
5910,8321
7708,1097
7133,7807
6761,9396
1966,2552
8989,8135
6350,1948
460,765
6745,2706
1519,6707
3711,5789
9779,7473
552,6625
4919,456
9781,9239
9786,5153
3232,8945
2406,4931
4214,6531
9302,2071
656,303
9481,87
5221,3
9365,8772
8326,5697
659,3755
7575,9441
6829,1020
6242,3704
4122,2512
2019,4899
9658,9290
3249,5098
6685,1012
7077,4505
6361,7267
876,1245
1920,463
7484,170
5541,8208
651,4510
8199,8746
699,7439
6060,5097
9966,3929
1144,3625
9611,5687
6978,712
5271,9515
3825,8533
9878,8660
4935,3675
1569,7709
7963,2504
6695,6510
8876,8621
665,2314
8352,9146
4780,7184
9217,8133
4501,7769
9398,4761
2137,3736
4752,935
4521,5203
8977,8151
6577,2475
7705,8746
3509,1736
8791,3302
7459,2863
3266,554
4439,3858
7049,4914
7631,1886
9704,788
9014,2556
2079,469
4854,5268
6485,8255
1416,6541
1050,9601
4685,9404
5498,7935
5722,998
2319,5675
3470,5056
4165,3366
5493,6544
1379,6514
9801,1192
4321,1893
1425,7155
1715,3696
3060,8275
2098,5154
5723,5959
7848,1079
1631,2012
6696,2264
1842,6662
2511,5737
2557,191
6194,8698
7771,8416
9189,7875
7692,1707
6255,5941
7065,2777
1375,5883
7987,6499
3066,6898
198,1642
8816,1628
896,3670
6436,4969
4407,6110
7356,2431
7032,1553
4829,8728
5245,9875
5553,5790
6222,8100
849,2511
3552,8750
3658,9146
972,9263
9147,3569
2039,7970
9020,5191
1432,6740
6239,6239
7758,3535
3267,9934
7630,8719
7298,1564
9540,238
3583,4249
4811,9475
1241,8111
742,62
2760,1472
9327,2345
3100,4280
80,9476
4130,7801
3576,6195
7948,6520
8524,7848
4787,9791
1249,9140
9692,4658
7092,3795
5261,6678
3611,8404
2826,6148
78,3401
8624,1821
7301,936
1000,2922
2385,484
318,4551
3656,4619
2083,3071
4628,2685
1494,4598
286,2010
6040,9654
5295,3121
8273,2358
4613,54
7491,2093
1467,1647
156,853
4276,6296
2948,3872
5126,6466
6829,8538
41,7962
3472,4286
9074,2528
2353,5123
9956,5131
2953,5155
2168,5343
7914,4532
209,6728
830,5089
8084,4943
9808,3920
3111,4694
2089,3737
2231,8287
1049,3177
343,8650
1174,176
1578,6416
7930,7630
3942,1589
80,8684
838,9531
6385,5622
3625,3050
583,2071
5447,7288
5311,3492
531,3638
3220,786
4409,2637
3156,5231
6380,6675
6702,2296
7330,1599
2670,2039
1793,7135
6158,8733
779,6039
836,2372
2747,9843
3671,1597
8693,3199
3897,2317
9239,6341
5665,9739
364,4255
5069,8402
2834,4254
6726,1956
2371,7233
3565,7442
6853,1014
3782,5750
3797,4072
6228,2911
3628,7269
7411,5442
5923,814
4833,8539
7154,3342
6285,3418
7782,1184
1620,5729
9791,6975
5627,2923
3254,3500
564,8608
4313,9708
7916,4567
9435,1863
5245,5487
6974,9009
2612,9402
6714,1730
9697,1082
7630,3163
8001,5550
6599,6358
4685,3285
7787,7018
8405,3684
4913,9299
8617,6950
7302,8437
5536,1061
7714,8381
4348,6753
1413,1736
3570,1275
3119,5540
3126,6482
8306,9690
8669,1111
6312,2221
8545,9706
7485,5525
5785,4690
7139,4888
5673,4220
2176,6310
6202,5473
7183,4931
6027,2991
5049,8005
8129,608
8012,3995
8683,1948
8419,5551
4260,382
8657,8348
1255,8330
8452,6896
2666,431
4011,2041
7767,148
6340,9988
3962,8272
9461,6830
1763,7982
1694,8148
8674,6945
5367,8435
4133,7107
8716,3680
9542,3493
3279,779
4017,2731
6448,1570
4087,5944
1719,6636
8367,9124
2820,4402
1017,7761
9670,2860
392,7709
3006,7194
184,4269
3799,414
3811,3686
2904,6917
8674,4972
2377,6168
8593,1371
6311,9943
4618,8855
5454,5155
590,5859
970,7312
1448,8105
4375,466
495,603
3879,1053
8378,9030
8058,5413
3603,3104
447,7473
2133,3485
3612,6307
653,2882
489,5669
992,362
8705,4177
7545,812
2139,2216
4377,5881
3799,1703
3434,9418
7296,5477
5543,1332
9452,435
8345,6759
9258,7480
4597,7052
5959,8831
7389,7590
6081,7508
5389,8449
1449,6357
2149,6997
4150,6777
1125,1012
3389,7847
7272,9405
6503,4464
3275,6513
5470,157
8873,5050
4212,6608
7579,5886
239,2087
6381,3986
9590,1429
5023,4837
3873,8310
1516,1055
5872,5048
7680,4662
2312,171
8826,5648
8769,5114
6513,4815
5912,7564
6475,4294
1814,1880
4150,3865
6889,3345
2135,3921
2000,7934
4813,3391
6284,8375
5754,976
8032,1293
4304,2238
2783,1634
145,2960
5615,1571
8943,1860
2203,4442
7528,6082
346,5875
6937,7829
2732,5200
6605,4646
7293,8430
9533,90
3168,7982
9997,7135
639,2421
8548,7868
2772,1337
86,9856
1858,3626
9260,8333
496,9431
1530,7961
6649,4837
6060,7677
477,2278
1118,4755
2317,2864
168,2920
6067,4832
8219,8982
7388,2409
9086,6352
1498,5161
2612,5377
898,4873
3467,5662
1340,1313
323,1932
8454,6489
2898,6939
1893,8844
3913,2487
8856,3796
4864,5678
1256,1090
7095,9367
7219,5461
2168,6016
7523,1671
3899,3491
2323,1194
5781,6023
4831,4225
7931,6569
6111,1239
3165,234
9887,8858
1210,9955
508,3267
2788,2462
2882,4083
6299,1933
2868,6363
1872,7859
8563,8768
6474,8875
5230,672
6888,5711
3558,5763
5802,834
3613,5204
2205,9173
8647,4682
3686,5948
2331,8494
1259,1566
2938,312
4858,921
6748,5300
7176,1805
2241,6507
7659,6914
4083,1275
3527,7473
1524,6866
165,2877
9805,4308
127,141
5018,3246
3793,718
662,4097
5517,5559
729,5844
9447,5502
5238,5878
548,2534
791,5904
6202,414
464,3331
5493,5875
553,4046
3615,8646
9993,7109
8343,3880
9040,6023
1550,4909
8239,790
4889,6111
1338,825
8490,4344
106,2310
3161,6197
3710,4453
10000,9219
1218,7819
3393,4517
1090,8573
9242,9577
9941,947
7463,276
3223,8014
9899,5151
1399,7867
4257,5790
2247,5224
5540,9720
3190,3636
279,1191
8615,30
9552,7487
5488,2619
5045,8960
4610,172
3548,6498
6996,8653
8575,6229
2451,9834
2372,2371
6064,9353
455,1767
2286,641
3533,2699
8918,152
213,9589
2056,7763
9093,5108
1617,9113
7016,4323
8938,1558
641,3879
1717,3315
3978,5449
9595,9412
3900,6778
6801,3351
1949,2160
9827,2070
4840,1923
8205,108
6102,2266
4379,6897
3307,5631
344,744
8069,4384
7616,5082
3485,3422
6938,3706
5097,3915
9730,8711
7817,413
7505,6005
1127,5327
523,6115
5951,2255
471,1724
7873,1476
364,9734
7037,4624
4401,2118
5961,6585
501,8433
6506,4170
8132,8008
6086,8980
4524,4632
9033,7443
9351,7981
1968,6027
8859,5075
2962,7639
6682,3120
646,6572
8440,7343
7413,1878
7161,6730
4202,7506
6698,9480
1663,6330
7678,4741
3834,8773
4506,7365
3023,5067
5359,3110
8123,6067
3093,9677
1560,5801
5082,7942
1768,9951
9640,284
860,3131
9091,456
7729,6261
5513,3146
3756,3497
1214,5056
1214,855
5747,9877
5374,772
6122,3375
5831,193
7828,497
1716,8835
9376,7879
5145,2117
2743,1993
8980,251
6445,5196
7799,964
787,2858
6499,7418
7146,2799
704,645
7782,6918
3580,1820
7439,7747
9395,6064
643,6004
2066,3821
717,62
7275,9487
9491,2510
4532,173
6617,5545
8379,2828
6616,5320
182,9931
5781,2011
3580,7310
837,9108
3332,1812
5546,4100
2258,8084
3669,4615
9383,3098
4433,3550
6308,6143
2077,1098
6232,5101
1568,6819
3085,7718
1920,4763
9632,1294
2116,7627
2069,9730
3852,1474
3313,3640
7416,5238
100,6492
2884,3005
1574,864
4163,9445
2771,6740
2490,2031
9983,181
7663,6283
4103,3163
4786,3193
6993,6488
9529,3394
1121,2235
978,200
4661,7628
9733,9051
6404,2646
3875,2518
7498,5428
6894,295
612,1540
3621,9512
7962,3842
8015,2914
9453,5735
8030,9904
3575,5380
6612,316
8408,9032
2408,9963
6803,4270
872,7250
5077,6644
9573,9479
6858,6155
5732,8790
6166,680
9371,3343
4030,2927
236,5053
1886,3098
9454,6495
8098,4238
2580,4418
2100,3781
5181,9855
2130,2906
4236,6149
4523,3964
9389,623
3098,5283
4562,4858
7652,9520
9543,8674
1432,6018
5637,5412
5229,1911
9329,8193
9112,3240
9683,6210
6221,1905
5359,708
5059,2631
6800,9425
9402,2255
189,8216
9955,1421
8511,4713
4522,3860
4701,1876
5186,7812
129,8616
9792,3120
3489,6457
2403,1580
4187,2823
5400,867
1886,8709
6303,2095
1970,5899
2488,2627
3398,8032
3690,7386
335,5193
1940,6959
677,7145
8908,4470
6541,2906
9493,9324
1716,1064
5824,1050
5328,1112
6735,8784
8800,1638
8046,8117
8960,3613
3426,9676
9345,1209
785,7092
5618,2342
6235,9666
5000,3232
5454,1453
4760,3516
2609,4206
8701,4786
4566,3650
2623,5309
3452,8803
9646,1029
5038,3874
136,6538
1421,6865
135,9053
8870,8392
4312,8614
179,4895
2863,3914
7966,8659
6756,7917
8,4259
7859,1888
4350,2426
5022,9649
4965,6900
4364,9420
4010,4721
6016,6831
8337,5798
2974,1651
7301,1974
3278,113
5965,598
3112,6725
5068,5042
7449,4060
9163,134
3137,7721
8744,4846
5327,3990
7271,3236
3525,3373
9824,3263
5928,6839
7881,6871
8228,6915
9632,6476
5967,1583
2619,1352
1481,6111
6013,8640
3602,8696
1804,1139
2576,8300
1803,9545
9359,9212
8349,9312
2544,2080
7079,4355
7411,4599
3104,4403
8127,9879
7793,6098
7450,7156
5532,3469
673,6732
2001,3494
8093,5801
7083,1212
4332,5135
4253,412
8407,6671
3123,7018
5427,2369
6547,6601
6645,4921
3419,1418
9191,8702
5807,6562
1700,3539
9855,2037
8,2528
1565,9730
9872,3438
8480,9364
5660,7037
25,482
9844,5554
2408,2313
9228,5322
9668,5594
2366,8732
611,3989
2027,2850
1366,3370
4100,1752
5008,7754
3365,2057
6954,5383
9488,1233
5074,9542
4660,1860
1817,4474
2006,9328
6586,6650
5354,965
706,7417
7222,3104
358,8131
5532,3711
8117,8386
2372,5406
2780,3245
4357,6373
264,1033
2466,4775
3586,4806
6891,2223
891,7547
7792,1621
2670,4016
8108,9734
923,6075
8299,4606
1866,9856
2158,6995
5835,6758
783,8660
8673,3477
944,3101
3785,1609
2544,5718
622,606
5990,2845
5140,2446
6654,4057
6311,6872
9400,8128
804,731
7476,3347
2075,931
6188,9892
2709,6172
5632,7459
4875,7251
6057,3959
652,4282
872,2070
1328,889
7604,4966
8385,9732
1665,7304
7400,2463
2675,293
8884,8103
3705,7978
8369,3493
2588,1573
5946,6464
8723,6465
170,4888
3862,7669
2926,3029
3127,7220
4653,7673
9792,2478
9909,8018
7612,9408
6932,5448
1298,3467
6616,8100
4840,6489
4576,8594
6600,7045
9908,3713
2203,1479
5957,937
2576,2515
6459,4073
8092,717
4501,4929
6404,2151
4003,8853
4732,9228
9868,3533
8872,5783
146,3726
4795,1848
120,61
595,354
2716,9584
8320,2008
8638,368
5353,2112
9465,7465
4768,964
4186,7927
5468,4573
1061,1029
9216,8158
2807,7901
6110,5474
4788,9429
8786,5312
918,8564
8876,1593
9653,2682
9787,1221
3761,9562
60,6961
693,3198
5517,8757
5863,4964
6326,4725
6355,1225
7736,7447
6993,2973
2517,2298
2328,561
6244,2067
650,3686
2389,8650
1465,7511
3530,6552
5412,9121
1317,4903
4009,6523
6956,8396
51,8430
9490,6424
3526,8998
9168,3929
1236,979
2154,9426
9269,3752
3136,5551
4704,1571
5261,4643
2535,5856
6184,9987
5706,2778
246,3165
4654,1161
135,9713
5715,7967
7031,4904
4056,5147
5974,2943
8195,9142
6380,4156
4175,8747
8090,754
206,733
7542,2612
6594,1641
9792,9512
8280,326
4393,7694
7433,1393
7352,8638
6982,1228
7493,4147
3377,9706
7095,4552
5134,229
5925,3697
7487,5830
6570,200
8404,806
1846,5122
1433,3492
7324,9744
2554,6111
6062,4116
673,2949
5833,846
544,849
141,1139
7861,8865
4862,8522
8501,7276
1295,9156
6866,3618
32,4121
9542,1995
930,5207
8635,796
7451,7425
8848,4058
6931,4915
9634,6199
7841,7351
713,4226
3574,434
19,6518
8570,815
3205,6458
6956,2235
1539,9637
708,3064
1718,4684
5419,869
2788,922
1590,5667
9351,333
1370,9047
1754,4314
3620,7316
8234,7403
4086,1898
6451,9539
6702,4691
7297,8247
1089,6031
5889,6766
2487,7238
2815,4071
6349,6229
4394,8780
562,1037
8827,8563
52,8105
3307,8145
6724,6557
7832,9466
9394,7627
1675,3280
4985,5959
7784,4965
9398,6285
2913,9682
5996,4017
8418,9977
5285,249
1570,4920
6857,8254
3149,8912
8492,1295
2639,5363
2574,2753
1942,8175
4883,4635
5395,8459
8213,3802
3364,9739
6864,1733
6316,8280
3900,6272
8912,9438
9757,2323
5696,8572
2721,4614
558,6758
9138,5957
34,6758
7966,5507
1080,6345
7989,2229
6970,3004
7381,7742
8468,7596
985,6458
2186,1193
1501,3076
9745,6527
8964,300
6704,3972
3111,1399
3627,6419
6469,2614
1120,351
4141,2439
1617,3143
4206,9738
5813,2983
2487,259
767,8571
8408,4633
3170,9334
3189,3160
1969,8146
8985,6371
6242,5725
8532,3393
5590,3584
3033,8541
5963,648
7900,4348
5437,3756
8775,2067
1046,3677
634,7116
4132,6648
3896,1453
4924,8311
2902,3224
9271,6068
1993,5362
6513,2404
4639,4651
5998,6388
5315,2948
2135,3496
4473,5527
977,4378
1469,2854
7317,105
6503,80
3813,4959
6841,1573
5848,5289
7884,9722
1611,170
8500,7739
2163,7099
4544,1916
8513,7678
4425,4668
170,7668
9241,540
6222,8590
2249,9731
7540,3910
8646,7978
5814,8795
9239,7260
2014,9864
1558,3434
8357,9272
3352,2655
9532,2594
3064,2188
7861,3443
8380,4008
9173,5630
2719,204
7337,1753
5334,7525
628,1433
3964,5333
6849,8580
3768,1257
9065,2835
4214,8928
7686,2809
8078,6302
3425,7950
8766,3707
7016,9925
8425,7578
1909,1274
5443,6879
1437,8634
3801,5985
3945,2997
7558,530
6632,5734
3528,5338
5852,4310
3093,9547
5257,3383
9112,7619
4356,4150
2303,8115
2814,4655
6701,1259
5926,6861
4164,5148
972,4639
9057,449
2652,7747
7673,79
804,8209
487,9256
1199,7018
2501,8746
4961,6596
2946,6652
2765,7809
3377,9319
2016,5964
538,2024
2933,3155
8280,7294
1138,1265
5857,3849
3104,1990
5265,1759
3109,2859
4698,5095
8963,1056
1817,772
547,1736
3344,9263
7124,3526
9262,8973
1516,9182
9231,7408
3618,2103
2747,3796
8302,1697
1941,4635
7254,5743
787,9157
4151,2310
8199,1949
1184,4363
7203,4879
6487,3211
5445,8240
8194,3453
421,1344
7004,2454
3185,4264
4985,1839
4630,1611
3814,4206
3674,8104
8805,4280
4885,7499
6370,2703
859,644
3078,1290
1903,1323
4374,4021
6106,2859
7672,2482
3750,7052
4237,5184
3540,9982
4844,5633
2502,7775
6477,3031
8123,6555
3257,8876
7553,8617
9662,2746
5108,983
9663,6354
5633,4517
2364,378
6691,1418
1324,47
8588,6739
3557,7303
7538,1556
9717,9744
1952,289
1613,2809
3092,5631
608,1304
1493,5602
3513,9596
8200,628
6295,3296
6461,4231
578,5976
6249,1608
1465,8923
5455,4487
9400,3513
8058,4601
2678,1039
3660,840
485,9168
1442,5263
4456,6409
9016,4570
3097,8836
4602,4248
6176,3466
381,3597
9438,772
3863,418
7149,8173
3085,1319
8205,4476
8892,747
8621,8097
7917,3780
4283,4387
7774,2977
9073,3239
2632,3673
541,9598
9330,7510
8447,5177
8282,3383
147,5766
4968,1228
6843,9005
4097,4907
7664,4273
1404,8246
8345,699
7913,1042
9291,3583
7417,875
3853,9650
434,5981
9546,5041
4518,5314
5872,7498
7873,9227
1080,1891
7465,5497
435,692
6926,493
893,9649
6067,274
5306,5774
4002,5922
516,7447
2809,6352
2163,9853
3982,5455
6286,806
914,9708
5924,7809
3942,1892
7229,652
3758,9884
3185,8265
6502,4524
1743,3524
6039,7503
2228,1058
3986,9253
7828,6609
7888,4674
6427,4350
7671,6891
6105,9254
3631,2609
2249,6779
5014,7480
2863,4723
1725,9519
7219,4515
4156,6631
5853,6414
6787,4777
6510,2779
6848,8665
9453,9377
9876,8019
1273,3881
8523,2044
7112,6267
5994,647
5888,9791
2187,4975
3713,6448
7128,9887
9749,4945
3990,9200
8565,9625
927,4412
244,2921
4000,5229
6228,3214
3504,7277
7403,5921
2924,6665
1353,319
6594,3308
3801,5248
373,8175
5564,5385
4977,1653
3870,2086
2841,5620
9095,4542
1602,6163
7015,4469
6094,1120
4101,7617
6969,8968
5608,180
57,6370
5989,811
8129,9300
3246,1360
7220,5288
3617,2027
1796,902
6703,568
9494,1699
4669,4812
3855,4824
1570,1084
8325,3469
6274,1882
3935,7705
5530,8783
6596,3330
7666,1783
680,2683
3209,8998
9553,3447
814,1451
4095,4661
124,2465
5834,4441
4113,6701
4927,1027
1494,8794
3338,5621
5093,3948
3134,7777
1257,2142
3512,6942
5534,2378
6719,1572
7581,3028
1126,9980
3160,3521
2442,9886
6900,9231
1027,1572
4284,2210
1011,9212
6424,2297
4617,9738
8507,6842
4414,7689
3543,6376
6273,7763
9384,6886
3025,2249
9843,5185
5318,5584
8864,6096
8537,3715
1441,7224
8373,611
1757,1273
9771,8463
2679,4766
1909,8497
2198,8334
3115,1361
9239,496
9095,9348
8378,3843
2667,4877
5676,9614
4957,101
8129,8508
672,2404
6857,472
945,3465
1396,1186
3804,5262
7240,4145
7828,114
9779,4274
8918,7621
8214,860
3332,3173
4975,8641
5446,8263
9346,9761
354,6565
404,6911
1188,8713
582,4702
7020,9632
7354,8754
1366,6770
9458,2768
6803,4450
8795,2424
4380,5435
9497,4645
9798,5805
7666,3098
9216,6389
9128,8491
2514,632
2481,2670
8451,3553
808,2426
5354,3318
5154,4684
6279,5059
8142,9564
1117,7318
2326,3671
6080,9545
5612,3024
339,1574
1245,9755
495,4302
3010,8733
999,4064
8079,6017
785,5044
6938,2894
2621,5016
1509,4580
6718,8260
7331,381
3444,1791
1320,9525
1148,8775
169,3499
699,281
8265,9267
4781,9929
9635,3316
3555,8159
9897,8951
7087,2586
6185,8147
2054,4501
142,6227
7771,4975
8777,1686
1454,8148
8271,3046
3859,5574
8119,9822
6075,7228
1658,5440
3800,8377
6001,863
5982,355
7752,3878
6840,6802
2213,5204
4059,3878
1418,5458
5805,6815
7887,9472
4662,6800
7250,1718
3407,8567
1136,5516
1418,6626
2316,7776
1682,5918
3127,9452
770,2389
9080,8934
9324,5359
9704,4826
3718,9856
8683,6265
9545,1571
6373,7393
4188,622
701,7106
4896,1611
364,6023
2248,34
5689,1247
5107,1831
1731,5931
4119,6120
5185,9069
4989,3007
1933,6331
7375,3123
2934,6899
8063,2477
4370,2211
478,5263
1754,6036
7566,2839
7700,5808
4892,6228
4847,4765
3374,1169
5277,2363
5330,7851
7947,9886
8475,1374
1045,7710
5317,6865
2173,7336
650,1933
7006,2623
3243,3345
9302,779
227,9185
6498,6768
5012,2738
5271,8331
3645,2049
4112,2158
2910,7952
154,197
9522,1398
3108,3012
3207,9636
8080,1087
3544,8238
540,1135
3136,78
651,8816
9171,3800
5393,1504
7412,3553
56,6162
6587,2881
453,2829
5666,5985
6832,6132
5667,5392
2045,5299
3450,4267
5570,3244
6490,8583
5726,788
27,2842
4244,8477
5240,4012
9789,8171
9687,5679
2254,4133
8138,1041
9023,8079
8600,577
9258,4455
4704,1938
6861,8876
3609,8087
617,1782
1935,7884
6689,4110
3217,1332
9679,2647
3621,2176
2939,9955
1924,5022
1428,7824
2906,3362
4310,7124
3269,5171
9721,1597
8717,7110
5377,8689
1072,7896
1980,7519
9721,8952
6204,2496
899,6921
6391,2551
8595,7120
3118,2908
8496,4374
4618,5146
7558,6077
4789,8640
9237,5577
9455,9183
2944,9373
1595,9519
6172,4880
4761,4148
8154,8582
2956,2028
2662,7997
9381,2323
9664,4109
4877,7477
5780,340
1678,3811
6793,8610
561,8215
8476,1399
2130,4322
6387,4660
5244,9341
6849,261
837,3316
706,9020
9228,9032
9462,2783
2791,4970
3865,455
4860,7365
3850,8963
6911,4293
9187,2026
6061,5254
1895,9006
4849,7657
880,1858
6242,6534
8530,9754
4617,5284
2060,6040
4613,6562
8032,2832
2300,2760
2704,9754
8107,4403
7107,3242
4650,8615
6305,7987
8323,7182
4761,7894
508,121
9148,2340
9301,7537
4824,3254
3445,525
1819,4823
5810,8129
1653,9486
1660,6227
5960,260
9017,9175
7214,7690
7229,4063
3829,1390
3875,9908
9726,8854
8678,4269
4911,9945
9943,2143
6151,4150
5812,2469
5366,7078
767,3098
6290,781
589,8690
5847,9108
5202,968
1064,581
666,8119
1690,1272
1387,39
6244,9710
915,8860
7391,9844
8754,2951
3948,6306
302,1426
7761,6115
670,5730
3571,1108
7790,2386
5959,3283
5951,2116
4287,3907
1049,1067
7615,1981
1412,338
507,6382
9674,3163
7609,4647
5061,4240
9341,5205
779,1364
6035,1184
1929,7394
3526,2883
9637,5203
1770,8569
137,3294
3473,24
7459,9439
6561,6074
5291,5052
1748,3562
7097,1358
2775,3136
5025,5835
5563,2478
3841,1884
1340,1229
2470,3668
8946,4652
9586,3063
2707,2857
9582,8542
745,6681
2407,2336
9067,3895
9756,9072
3268,386
2633,1861
468,5622
9683,9533
4943,2396
8140,768
9392,2416
3272,276
9908,3235
1334,6968
6833,4294
919,2525
1258,6155
3874,8948
390,6870
6487,9255
7751,1343
6949,426
4153,2132
7124,7597
9602,4067
6300,1966
3629,5101
4300,839
1125,6686
4337,8076
9449,38
5298,7296
8266,3630
3321,1457
9587,1665
5251,9170
4703,670
5797,2698
4528,3298
8196,6954
9063,6768
5376,655
7968,8753
8117,8058
5225,5626
8162,661
8358,307
5467,1224
340,2043
6413,6286
8598,9859
5451,4397
1373,4815
7608,6905
3114,1221
5809,1863
8263,9990
5044,1242
3887,5759
9241,8854
3248,9973
3585,9329
7446,548
4137,1211
3321,6021
6065,8060
9043,5082
7345,910
8475,7779
1087,5481
6231,7046
6682,566
992,8627
1446,3842
2705,7186
6451,404
4948,8714
9649,5831
1944,8027
5755,1869
624,6659
7043,9849
1580,9965
2344,269
3537,2505
8929,8107
6484,9333
9897,6283
4704,1564
5249,5565
5633,78
9256,9633
9204,6999
3168,7482
1160,7514
2922,4797
6657,1798
1915,1445
9979,579
4442,517
4194,1169
5364,2778
9830,4428
1045,5497
4410,5934
6683,1935
7291,7453
5531,4352
1116,3162
4980,7218
7067,6247
8981,6553
8114,2538
1197,3501
7152,6062
263,479
3500,8049
5696,1423
9450,881
2476,5282
9754,1521
530,3977
1756,6353
531,2630
5708,8307
367,1475
616,2179
2527,5449
4008,6425
7955,6049
9316,2234
5071,7871
7927,8165
7674,5770
7132,1286
1674,6701
2317,9022
3587,3399
944,9336
8826,1323
5777,1617
3015,5388
9302,5453
5678,9717
3607,2819
7767,2965
4479,7178
9831,3030
3036,7662
3557,194
6764,5441
2961,9474
5489,1335
7151,3635
1726,825
2477,9132
8434,5121
7622,5206
4304,8759
283,8957
7188,2470
6945,4964
9784,3628
7157,3157
9863,6136
2466,8448
8223,1905
7266,3558
9821,3924
9881,528
4943,5484
9514,9136
1198,827
3739,8428
7409,6495
7063,8073
7357,8062
108,675
4977,1281
7606,4565
1945,7177
6551,3468
7048,8475
1919,5727
4954,4266
5107,4545
9553,847
1859,1246
5735,1862
6003,7046
5005,8698
7825,3148
2763,8792
3042,7453
5851,5228
2289,8155
6305,9599
747,4459
4150,9352
96,7387
1404,3002
3231,9082
1001,8018
6424,3548
5408,6055
245,47
8868,3080
7152,4223
9866,6797
5735,936
9544,8732
330,3245
2854,9216
6221,7511
7961,834
6825,4242
5691,5067
1431,782
4020,5162
5250,894
1341,5440
6671,4943
5189,8468
3567,642
7221,3168
4387,4582
5385,5670
6270,3323
7433,3990
6008,6292
5189,7421
3107,8736
5182,6479
6959,8500
612,5186
6455,107
4880,664
9080,468
6420,6007
9811,2673
7099,8022
511,2330
55,1296
4454,5696
4230,9186
4282,974
3915,7862
6898,4999
1578,3703
1827,2192
8764,6540
919,8204
3080,7182
1602,9429
7596,9178
4623,5855
6053,413
5571,181
6178,5023
4774,5987
7491,790
462,9685
6336,6134
4345,4827
8798,2862
9684,4941
9147,4965
4463,2604
3377,8573
2052,9076
7663,493
5462,8761
57,8818
162,6131
9427,8402
3711,6648
1023,8382
6352,867
3,7306
6541,7707
5575,7591
9689,1205
5940,1825
6113,8169
6115,6552
9038,6082
1894,4410
9712,5538
13,6947
8733,3002
7127,8447
3161,4905
2245,4115
9315,1408
8556,4803
1899,5693
5214,9719
7014,1107
7688,7962
6915,6992
3763,4421
5781,5336
8332,4765
1690,5704
8481,6551
675,1525
7507,9792
310,2824
7013,4790
3938,6115
3036,5260
2212,1844
7950,7100
3669,2692
2277,8389
2829,2486
6220,4107
2352,5530
9525,1524
2942,6564
6619,7990
8689,4406
1894,9792
8235,8373
351,1936
8247,1028
788,4677
7145,4020
2152,638
21,7659
8020,7401
2333,8792
7268,1875
2056,3788
4153,9463
3255,3883
122,571
8998,8251
7604,8920
9663,4211
1263,2876
6421,4110
1218,1413
8377,441
8119,1866
6558,8774
8463,1447
706,5668
2444,6529
6440,8001
4541,5788
6220,1087
6163,553
4256,7053
8421,9034
1249,5314
9473,7618
9354,2005
4426,1987
771,5689
5289,8512
1647,893
6342,5106
5395,9204
6954,1432
2905,5998
3244,4232
6804,4642
8545,1048
6782,7778
9075,4926
4643,8293
9287,2890
8533,2916
5530,7527
2994,41
6136,692
1643,6493
6259,7673
6674,7915
2990,565
7068,3116
8210,462
9306,6286
1145,5233
5522,1701
9993,6664
5991,4889
1960,198
3418,9084
3561,273
5677,2743
2614,2910
8695,8963
9449,4241
4437,3061
5918,5286
2420,5259
2294,6315
6107,755
1817,9396
7560,4638
2399,5321
3211,3250
2724,6838
1791,6899
8587,7070
829,1792
7107,9473
1331,498
5405,1358
3727,7452
6196,2153
2116,7369
3456,5417
8867,4616
8937,7570
2112,4217
5516,5777
1096,42
3095,1210
3554,9372
8318,8989
5495,241
3865,9493
85,8585
4612,1614
9424,2440
3610,4019
230,4250
2167,8704
7702,9659
868,1797
1857,5509
6735,5706
4147,7149
6036,9869
8639,7768
184,3316
9019,5774
6934,3142
1120,6707
8594,1875
3031,1575
9607,1514
4087,4065
7105,1977
86,9345
4649,9201
4620,98
3651,7884
5449,3629
9795,4194
292,5249
3158,3521
3137,6845
735,6758
561,5373
6428,7067
5996,240
5109,9307
8144,4648
5876,5544
7445,8848
7027,4888
2025,1952
9919,2395
3083,839
5331,6912
4842,3486
3811,2975
98,7490
3687,9621
3799,1460
9523,5549
1580,3672
6315,4049
5991,5386
1330,757
4610,2318
4885,3425
5458,843
836,8479
4994,3597
3447,8188
5090,4059
5102,7331
6389,5553
8918,9653
6671,4219
2911,7656
7510,6711
5830,7252
9022,5280
101,5522
9865,2293
4195,3099
5277,623
8243,2546
7596,2964
9540,4159
316,1660
7435,3504
4135,1772
8493,2428
8865,5683
2196,2318
2979,1266
931,5841
2256,2103
3797,8543
55,5941
5970,5397
8723,4287
5882,8731
2770,2324
6751,778
4378,7771
2401,9139
5247,1804
512,7843
2938,9492
8821,1331
7053,8700
2360,8963
3723,6271
5741,7681
537,9714
7383,1112
260,2495
2455,2555
6657,1008
3449,6382
5975,8787
8721,2268
4118,6248
7511,3512
7325,5079
5704,4766
8728,9074
4279,8825
3107,6389
8239,5648
5618,6648
3464,1442
6177,4168
3875,5214
5444,2102
3011,2665
6242,2082
775,9892
3447,5181
4624,1545
9258,5748
2515,6598
4996,370
1623,8188
4343,5669
7297,4054
6127,2216
98,1692
5476,9345
4982,3855
9390,1622
689,2133
1243,3473
7516,1654
704,455
2842,6885
3988,3936
6377,7208
3060,8276
8045,951
4782,8641
2079,9572
8294,8337
24,8280
9074,2261
9516,7332
8874,5879
5782,2568
9204,5754
6592,5820
2436,5793
1815,1016
7343,9431
5390,2983
7019,8553
3098,4488
4684,1774
9549,3429
1281,8666
1792,5206
9980,8082
2700,6778
5451,9005
3795,6227
851,7806
390,7182
5959,7462
3363,6075
9230,1582
4875,2429
1523,4937
1815,6506
5986,2640
3171,886
9296,5356
8695,1689
4426,4754
5627,9877
8784,5144
6456,805
8899,701
9459,5993
6856,3664
1269,6454
3691,9674
7528,6686
3545,5944
9,5891
3453,8341
3072,2462
1989,9897
6499,5497
2448,9953
8412,4346
3739,4618
4432,4545
239,8423
4425,1388
5244,2245
8405,960
9942,7924
4603,1165
9472,6726
7028,8857
7582,7982
7264,991
7629,860
2813,3527
4814,338
6285,4090
4853,2481
9963,1752
8058,2434
3990,9690
6108,5854
5404,9939
2176,1371
9693,3325
9170,2052
7270,6296
5656,5464
4720,1807
2118,4547
456,4233
2857,5152
7938,1736
4650,3734
6903,5950
12,8888
3854,4029
5031,6580
2562,3248
7447,2401
4312,2692
1871,9258
257,9887
4545,7589
6839,9348
1569,5429
5115,2723
7405,5787
7205,2760
3960,1193
3188,6275
5017,350
2916,3372
5806,2496
9405,5086
5940,3250
1767,8275
4919,2969
2857,7380
4022,472
9502,1491
8065,5954
1015,5378
8699,5045
1710,8643
7586,3741
3680,4643
6460,5393
4646,6422
3793,1322
5926,3473
2158,1865
5874,9433
7070,4090
2975,6288
9057,3706
5382,111
1003,6980
3971,2348
2219,7473
8127,2789
3245,4873
693,8188
3549,9714
2464,9906
2753,7528
6386,8682
4022,485
869,8306
5783,2727
2283,6303
9960,8475
7560,2533
1593,3641
9175,4987
6226,6451
7919,9296
4039,9433
4466,7551
3918,7157
4460,7248
4907,6476
3909,7374
1478,4334
4365,3941
863,4704
7773,4748
8989,8917
2711,5962
8304,2169
5043,6256
184,1908
7460,7900
5954,8099
1845,3983
5444,9983
6586,3882
4628,271
138,1159
7589,9892
987,8503
6577,1029
1276,3947
7471,6904
9169,8861
4826,3346
9120,9908
774,3965
9428,3608
2945,5617
2764,9743
4495,3246
8626,2691
8655,9579
3698,2858
5019,2879
5638,4614
1178,4176
6665,6403
3795,1973
918,9729
3578,1975
3896,8966
6647,6992
6277,5998
3552,525
2830,9400
4687,5294
2450,6964
282,6778
584,7345
5666,9227
4109,6980
2304,9061
5083,2490
4248,4843
1120,643
7582,5930
1028,5255
349,6135
8933,3615
9380,6290
9327,6952
817,1810
9473,2051
8406,8299
7406,9087
1864,4480
8734,9067
8803,1290
7942,8838
1846,2891
7412,1439
9421,9970
6725,6659
758,7767
8674,8235
8356,3230
8113,5687
3858,6472
4978,6503
8052,6202
454,1879
1087,3741
4696,6753
3306,4683
2003,7914
4374,6473
7257,225
2724,6398
8718,3703
223,1313
5799,91
5685,743
1495,166
3518,7841
278,2417
3781,6494
9330,5398
6485,2984
4217,9276
7021,4455
602,3682
4346,4438
2240,7345
2572,3654
3105,6332
4964,6702
3128,5040
4611,922
2517,4886
7859,1740
379,4283
8211,5834
4616,8584
4129,3807
4034,7182
5774,276
8063,6350
3452,1313
3307,6853
3307,437
2744,3478
5844,8562
4325,420
5288,6654
3345,4341
8269,7623
3718,3125
9559,1649
417,5864
3860,7675
337,7561
6691,2957
3050,1390
9949,6449
9658,4287
284,1026
2985,7862
5399,2856
6741,5932
6851,3360
2126,2210
6902,2359
7989,8629
267,9195
7767,1346
3057,6920
7749,245
712,685
9748,9549
4615,9577
6523,9129
8471,4616
7108,3632
2037,2811
5493,2575
4940,9044
7601,8116
5304,5305
1787,3050
5995,6879
3416,2958
5355,6024
3175,8228
5909,3200
7235,7729
8546,4093
3814,4953
4934,783
7127,733
8269,2509
3726,6237
8318,6831
782,5601
3999,5120
5819,358
6426,7223
8914,4381
2802,7057
9555,8844
7487,3641
1312,1565
9713,3539
9157,7522
1304,9554
5330,2301
2018,3713
443,4307
9278,8980
4331,4748
8679,7897
353,3330
1726,1555
5597,3813
9962,981
8863,9640
9563,6116
4002,6414
5593,7491
5280,9017
5543,3469
9251,4797
6783,6534
499,9921
4465,8804
7020,1559
8742,6088
6262,2109
7989,7019
8495,9365
7757,1034
766,4034
5327,9479
7175,2076
2648,2402
2012,5867
8278,7795
3563,8299
5960,616
6252,5191
6667,3218
2407,3134
6126,1588
3901,868
9441,4382
1817,5520
9091,68
622,3854
4510,3312
9138,7727
6512,9881
6421,1886
3117,9538
4223,9634
5560,3018
7755,6047
1502,8747
5416,8194
5813,9062
3668,4164
6792,9642
7521,5062
6219,5808
5796,8600
8680,325
6286,3768
6531,7248
7983,9967
2522,1084
6002,5406
1817,6930
4052,4396
4306,5481
3273,6092
692,7723
4331,7231
2036,3032
5143,6355
8488,3430
3541,6846
1584,7072
9428,3005
842,5452
5594,4012
9329,9644
2668,5874
9010,6629
1359,3463
3485,3652
1907,2514
5628,3781
3205,336
4755,180
8595,9275
5086,6881
3918,3655
5129,9466
5922,966
3207,6569
4516,7253
2346,7701
4490,3588
7306,4978
9790,8847
4403,142
223,3730
88,3771
2411,1350
1180,7904
5187,9794
4566,4751
5276,6833
4784,1941
3225,9447
2557,2343
9857,6514
2331,8187
5567,5999
762,2668
6639,4821
1432,7832
3891,2074
7451,2484
1575,1236
5244,8463
9245,3368
3579,3421
6084,2963
2770,542
7277,9134
1532,9123
9226,6014
4205,5280
6447,1968
2612,1124
1049,7168
911,1313
7834,7712
4386,5291
4754,9659
1834,5637
9086,463
1567,8033
7055,9142
3159,4087
7579,3406
8713,9522
9723,525
2933,9702
6138,8164
1577,7445
3548,8514
3145,7343
8286,8142
7446,6970
8332,9012
8416,1018
5038,2076
5196,9832
3845,4950
5992,8756
9283,8453
2444,5165
1222,9324
2230,6145
3243,9985
8634,1133
7749,9078
4435,736
2566,7262
5874,8885
4093,2958
1447,4194
9858,8805
4750,2733
1534,635
5018,2484
9854,9329
8765,9402
6950,1639
6439,7876
7407,9728
917,8809
8224,5291
5013,4769
9760,3022
1136,5177
766,9579
9842,2795
7406,1397
2842,8715
8735,5214
4294,7004
4970,1137
259,7304
1519,4834
3274,946
9239,6144
1119,4900
2227,5594
7438,8381
7359,7593
5617,2826
4984,5128
28,9707
5931,6628
7803,3554
1313,4621
7607,4662
4084,2104
8736,4927
7049,7000
4007,8236
2066,4077
9485,4227
9458,9234
1404,9290
2343,8492
5499,6863
5430,2791
6534,8476
8318,7275
8975,7508
8772,5459
1358,3172
6807,943
9727,727
6516,205
5442,5282
1235,4270
6806,7134
6935,1357
5591,3833
4930,6302
396,7901
6134,7724
3273,2656
4907,9553
7474,9744
7856,5379
7159,6205
911,9515
5247,9392
6024,6051
7664,2176
5000,66
6761,7778
4572,6715
7399,8294
3925,488
6753,7365
1913,5245
712,4057
8838,5301
1549,7183
7134,9945
7473,5210
6353,978
6449,5412
4936,468
1962,9981
4373,3243
389,7201
2165,1938
8355,2565
2823,7802
6001,3946
1997,7723
1893,432
1381,6673
5636,1458
9565,1213
1965,7892
9936,5815
7694,725
9789,140
7380,9425
6924,26
382,2852
5120,3500
9929,1611
9237,8968
5758,3262
1997,6797
5257,765
5927,5434
5889,712
3402,4193
5733,3619
1788,3132
7364,2139
6054,6414
5279,9801
2237,8068
9997,2132
1991,2939
822,6399
3850,4999
5135,9527
7988,3925
9875,3603
7953,9071
291,9917
8949,176
6889,8383
6712,4549
1063,4246
4220,5471
5577,7135
8689,6372
3520,5474
2612,1421
8959,3752
9659,5412
4270,6460
1383,4601
4903,6144
6591,7413
1421,5122
4342,1381
9175,3084
5735,4459
7316,3653
6270,3571
4088,1501
8,2287
2191,8194
8810,3336
6941,5173
2980,8125
6094,4742
8532,2345
5519,6497
8286,855
4106,7641
7521,6916
2490,9658
4788,8678
1942,5396
7845,8962
7551,6529
4163,9380
4332,4197
343,9797
7907,3195
331,1600
2693,2820
2478,680
4568,8382
6643,6125
3449,2803
4500,519
1970,7565
4513,458
3053,3513
481,2712
8543,5449
2769,1768
8818,9360
5249,7144
8711,2818
8172,8431
3411,8590
911,1744
467,1996
2163,9542
6776,8990
2798,1422
3190,6901
2333,1322
3747,9936
4947,7452
8662,337
4575,7580
2261,3139
7949,2616
1175,8125
8009,4653
2322,4058
5128,330
2704,2433
1229,4389
3254,6741
5718,7514
5322,9500
5690,5466
8647,4351
3826,1490
9009,9133
6729,9938
5356,1096
4308,7357
5750,7439
371,4745
2568,5403
3306,673
4004,715
710,5150
4183,8530
9436,8604
6786,4443
4238,2050
2306,2629
2689,8029
3885,6621
6003,2785
5035,2330
8476,3314
9461,6567
9153,2250
7532,8878
3750,3171
7829,1931
7008,7417
4135,1026
1213,4808
3876,9174
2782,6880
8843,9608
2477,6052
2181,9171
357,4823
6489,1604
4214,538
4783,9060
8107,7473
9060,8330
7600,7413
8008,68
8811,2607
7216,4040
9604,28
7158,5496
8737,5546
430,1258
17,5061
6543,1207
3521,4344
3194,5181
7371,9697
9782,2959
7362,1246
7833,831
3282,2786
7951,9454
8641,9635
4042,4460
165,6063
8191,8123
7219,6795
9533,7035
233,7924
787,4834
436,1867
3746,2597
5957,5139
7760,208
2844,5943
3467,4902
7159,9898
328,9918
6887,3023
1764,6213
6296,1801
6529,4254
2523,9419
3708,9845
5258,7703
1635,97
8377,6421
7474,497
1591,2242
9302,9623
7246,1542
6888,3783
8144,211
8606,8873
3367,9222
7295,5864
2954,8824
8361,182
4679,2024
6263,4899
7608,5048
9746,7277
5476,89
7337,8197
214,4396
5840,1534
4458,3718
7502,865
6578,480
1791,1899
9948,995
9953,1339
9206,4559
9238,4777
3319,6828
8164,9817
2292,1363
1132,6400
2773,9809
5232,4051
2410,601
6036,9178
5277,9126
9534,345
7637,9253
2720,6684
6125,4039
273,5097
7019,7928
2518,5503
2757,7734
4042,3897
737,1296
7784,9717
8787,8934
1908,8957
6430,6072
5299,7609
621,5551
5595,6439
4100,2855
4443,6348
6549,7605
1791,7510
9410,3813
8532,9997
673,3876
2960,7662
4930,5123
623,7667
1719,5126
8472,268
9272,3061
7527,2978
8917,4819
6177,5905
6380,8708
330,3106
7906,2974
9829,5086
3807,3518
1143,6363
4655,875
6518,1179
5757,2020
1739,8114
5794,6746
2113,1387
8248,8494
9325,1473
2761,2362
3299,7370
4438,7643
7643,9811
3252,5043
4678,8298
8028,4963
2381,9688
8315,7208
5617,855
7004,964
2609,5351
9605,2466
3581,7204
7915,9223
1768,5674
8416,5718
5515,3961
9245,5048
6931,607
7378,2050
1719,5260
6662,4583
5954,2547
5553,1449
1418,7483
1394,710
2294,1704
3011,3008
2674,3911
2858,285
7061,3282
5491,5940
5400,2146
5474,2095
4588,16
353,6341
2681,100
9083,2892
6543,323
6945,6490
4354,1017
3526,1094
9036,3719
8979,970
4373,4413
4173,3830
7932,3632
5678,3443
1908,6192
3200,4721
3534,1857
4769,3861
1383,9488
3810,5175
6490,6970
4164,3229
8997,4895
6770,7024
8229,4269
7854,7132
4620,5394
8050,3745
3903,9954
4476,3171
9347,4375
7194,9422
5174,2984
3409,1754
4272,9528
2027,2706
8486,2097
7529,3750
5234,3523
177,3095
6147,7691
4690,427
9359,450
9548,7519
6573,7799
6346,6588
8715,2334
1896,4394
449,2507
2375,6314
5828,2168
2926,9046
1113,2672
1981,7326
4732,1713
8846,3692
6246,1109
6204,3327
8623,9807
5731,3403
598,5609
1625,7435
386,3740
5181,2182
8954,1919
2163,3812
7653,1318
9165,8289
9891,516
5295,5438
7643,4013
5038,5287
7166,2139
6908,4318
1661,4998
2530,1246
3562,5594
723,2500
6977,7572
8185,1300
2913,4919
7720,8848
2289,5735
7540,7160
212,9114
2459,1716
3727,413
7212,9546
244,7605
3157,68
4189,215
233,4972
9963,2913
8908,1816
1134,6356
2423,2961
7526,5720
826,1810
559,1695
5576,738
6034,6019
9969,1351
8964,8248
63,9866
4017,7463
294,902
3001,1073
4768,4887
5213,5237
8207,2792
5292,3315
1711,7986
1492,9339
7633,1739
4312,820
9140,2179
3885,7657
5399,674
7496,4888
2122,6510
4424,7184
7660,9160
2440,403
5690,99
2319,4543
5230,4544
2172,5284
7692,1272
1014,8933
8282,2269
919,3677
4028,1707
378,320
9081,6271
3988,3742
2322,6396
8841,6555
8015,6247
1645,5659
3531,1022
8049,876
578,5225
3807,8245
6319,6551
3743,8260
5515,8217
2643,3714
6440,6023
6812,1199
2319,4785
2374,2506
5397,7932
9385,6803
8117,2444
3062,2385
4170,1130
8963,2909
2779,1279
5712,4008
8224,5724
4488,5317
7115,1358
8290,1096
5807,2030
7816,1405
1594,9871
1155,9006
5231,4085
4269,6626
7161,8829
5750,6636
3377,9199
5280,7653
9784,6148
8600,4375
5415,2859
9489,7920
6911,9822
4081,6282
2298,5907
7396,2926
9823,8439
1630,789
1132,778
1319,7020
2368,8339
7384,327
1303,6029
9513,6449
8779,9342
5107,1817
979,6053
8236,9588
8996,2402
84,8742
2457,7899
3403,6811
8068,1531
4169,3375
5707,1179
4303,2143
6451,9261
9231,7759
1641,8481
7091,8840
589,4420
6072,9615
1855,7915
5091,9699
5835,1071
289,3633
7914,5615
7904,726
5942,5075
3318,5841
6599,2635
4594,8600
162,5026
3520,8685
6987,6918
3805,4653
3709,478
1206,7627
4970,3114
87,8760
4679,6348
4446,5817
8691,1900
7379,5577
4365,230
3009,3406
4242,9959
2971,899
4235,2372
863,764
305,9104
112,4508
4268,1502
6577,3384
5195,7783
3471,8540
8787,6950
2612,7089
6648,5250
7498,1219
5994,4460
9301,4690
885,5599
8178,2375
5022,1560
9225,9512
2322,1779
6415,4904
5300,3756
2652,6380
2268,9652
7010,8985
4059,7636
8424,4767
9117,6680
268,8259
5170,3417
7114,4612
1042,5438
6606,1173
3583,2459
403,8834
9410,1950
7325,9383
615,3994
9777,4632
3636,1652
1480,4967
5294,6691
2906,2072
1051,360
8100,4949
5331,3082
3006,2424
6354,3409
9743,7650
7498,5783
1092,5272
9739,2512
8323,1436
4042,1000
7416,4438
4549,8644
3945,7483
8757,9541
6112,7444
1580,5440
5236,6578
9056,5407
4802,9504
9692,7311
9702,9948
4000,1942
40,5991
2874,1571
3328,3993
9448,5867
4906,701
2460,6923
2207,8463
8998,8556
4215,783
6835,8714
2463,3959
3815,9480
3135,1090
1154,4406
7938,3328
7644,895
6938,4116
4121,9937
7700,9
7658,2227
8253,1124
1871,4
3230,6696
3319,1032
910,6153
8813,2215
9437,2308
4107,2310
3305,868
2050,9280
2910,6462
6716,3370
1292,7386
6259,5871
2352,721
9731,5414
3690,4358
2067,8402
1054,2081
9742,7495
6709,6107
8207,8942
8718,9683
9325,6160
165,1690
7817,9696
374,5476
5909,2496
9718,6091
7275,1011
7855,3572
5921,7983
6516,9095
6810,7327
7534,9344
1965,4863
3883,8321
4693,7372
5104,2476
298,7588
2180,9403
2111,1130
6636,4703
3482,4715
8497,9576
8215,6443
5682,7593
9130,1346
7707,1314
9236,5714
2044,9478
4804,679
2558,9699
70,8340
3571,7389
407,8928
6384,8279
6959,108
6869,5813
7354,3118
1600,4748
4341,9256
781,215
5122,2422
7521,8893
9603,9564
8354,1246
809,5646
8600,6671
3465,8804
6311,3455
6712,352
975,8567
5515,5736
589,6582
4969,315
8410,1528
9800,5355
6424,4271
6912,7738
7963,5683
3049,2860
6165,2061
7622,7110
356,4923
5318,95
4755,1904
2236,3366
1649,1849
1506,6230
572,239
7617,6335
2137,9022
678,3109
5905,1999
5063,8557
6085,7299
9352,1943
5914,2950
2744,4452
5440,7497
5450,3755
2151,905
7774,1744
2321,5517
7209,9105
2983,7851
9184,4466
3504,4850
7327,1698
265,6969
5088,814
7474,1159
9638,3626
5248,4186
7997,3600
1419,6769
490,4054
8430,4879
8851,8844
6282,9775
3039,2656
8873,6388
9346,8823
3812,8470
1059,7365
1219,3153
1568,9457
6611,9987
3748,3237
9733,5152
9289,6158
6130,3877
5990,7509
9068,3715
9362,257
8842,8098
5478,7334
826,81
22,3962
8248,980
8870,734
1177,2230
5139,2391
3139,7680
7755,6416
2815,2372
9587,9127
9828,1080
1607,13
1469,4738
4058,258
4295,8307
2793,1566
3786,7383
2952,6699
2582,1467
42,3890
4490,4991
3323,455
2178,5026
2018,9009
5982,8277
3940,1326
7372,9135
3335,5124
4179,7206
4451,3464
3759,6620
9977,2650
8306,5714
3631,7337
7724,8247
8999,982
8252,1987
3499,8615
7678,7313
8877,9623
2420,4451
1816,3519
4431,489
9470,5936
8529,5907
1796,7482
784,6984
8948,9274
8956,6883
5173,3691
8781,5081
8741,8163
3844,9673
2008,9997
6626,2619
1855,333
65,7418
6763,5068
170,5256
6508,4549
8001,7077
5762,8408
7646,433
9630,569
4525,393
13,5952
9789,4763
4172,4183
8193,1770
2998,7824
6496,3384
7292,8724
6251,584
5482,1076
8121,5802
3207,2979
4118,7037
8848,654
6568,5660
5721,4741
9943,6519
6564,3969
2739,1827
5373,1025
7465,7339
7769,5764
1604,212
7022,8984
3166,1342
8978,5086
4864,3070
8767,9481
7058,7860
1289,4486
2743,1424
7927,6057
9346,6421
2785,4804
1718,8046
2878,565
1095,190
3822,4800
8395,4361
7684,3303
2056,8041
8604,6686
4929,1105
7320,7227
6105,4680
8512,4882
3324,9404
9401,8427
9247,5745
3226,5570
7747,5695
8712,7801
6427,4098
6926,1530
8693,1143
6425,6203
7829,9440
1038,5146
3971,7646
3439,5799
1125,3344
8306,4117
1766,1162
4625,7352
3331,7205
9163,4411
8829,5060
2862,1213
8975,4360
4457,305
7,4527
8121,9440
2080,7630
7560,6892
3821,4036
1510,7477
9879,831
4254,7301
8533,9613
5954,5692
5646,1375
8547,917
6900,3355
8216,817
7310,9117
3311,7613
7626,3432
4316,487
8810,738
7798,7888
7106,6843
1741,8285
3152,386
800,1840
8475,7578
4922,1465
2286,3389
2826,630
6692,2544
5962,9609
358,8783
6652,5626
8835,9318
96,6568
380,6098
9688,7019
2398,7242
6462,5465
1505,2006
440,450
4898,61
7621,5195
4751,4966
4770,778
2027,6548
177,7166
5257,3791
8651,9093
4134,7663
891,2493
7893,9451
9808,5515
2337,7878
9233,7270
2786,2786
9384,7668
7982,8476
7593,787
1180,5750
4652,126
1698,5447
6025,2323
1054,915
1752,8127
5429,2972
4477,2754
3715,2202
3985,2026
7347,6918
7412,5327
2589,6823
5040,7068
9350,6744
1091,9549
3775,4404
2514,2219
7834,8699
1975,184
7668,3940
5455,8707
4426,2415
2965,2091
8056,3564
6736,7151
8771,9925
5012,3707
9777,8393
8603,5130
9532,3607
767,4362
9894,1744
5489,1013
5399,6718
5578,2519
944,2719
4364,6502
1474,733
6274,4208
6910,1386
1641,9706
1469,8202
3996,5288
7081,9606
1207,2540
3148,1286
9655,1620
2987,1826
5251,4231
4805,4639
2334,1712
2654,3114
1083,3147
7956,9991
5463,9483
6521,5
791,6947
6732,2440
584,3436
5321,2196
8311,4705
7367,2133
9996,3202
4469,6797
1904,2774
1253,1501
3555,6605
1399,5756
960,8338
3190,5726
3312,2454
9695,995
3590,8814
8141,214
9089,956
9487,9862
9826,8096
2424,2894
1694,7515
4512,7517
3366,1872
3005,432
4486,3852
8049,3779
3837,1228
3391,5837
3756,4272
5676,2141
3253,1177
4796,3785
1072,8865
2108,3075
2080,5457
4428,8462
8939,7899
1007,8921
9488,2745
1446,3104
7066,2154
9573,308
38,8241
8156,1259
4603,5726
3526,2884
1361,6645
5430,9376
4169,7191
9693,3564
4667,8636
2693,9713
4503,5724
6627,5611
815,1372
4428,3106
992,776
2270,7809
5210,863
1698,7583
2054,48
5352,9843
9719,9070
4096,5787
3277,3469
9486,6095
